id,code,name,kind,lft,rght,iata_code,unlocode,latitude,longitude,parent_id,iso_code,postal_code,source,status,timezone,altitude,country_code,display_name
"1","ID","Indonesia","country",\N,\N,\N,\N,\N,\N,\N,\N,\N,"Kemendagri","active",\N,\N,"ID","Indonesia"
"2","11","Aceh","province",\N,\N,\N,\N,\N,\N,"1",\N,\N,"Kemendagri","active",\N,\N,"ID","Aceh (Provinsi)"
"3","12","Sumatera Utara","province",\N,\N,\N,\N,\N,\N,"1",\N,\N,"Kemendagri","active",\N,\N,"ID","Sumatera Utara (Provinsi)"
"4","13","Sumatera Barat","province",\N,\N,\N,\N,\N,\N,"1",\N,\N,"Kemendagri","active",\N,\N,"ID","Sumatera Barat (Provinsi)"
"5","14","Riau","province",\N,\N,\N,\N,\N,\N,"1",\N,\N,"Kemendagri","active",\N,\N,"ID","Riau (Provinsi)"
"6","15","Jambi","province",\N,\N,\N,\N,\N,\N,"1",\N,\N,"Kemendagri","active",\N,\N,"ID","Jambi (Provinsi)"
"7","16","Sumatera Selatan","province",\N,\N,\N,\N,\N,\N,"1",\N,\N,"Kemendagri","active",\N,\N,"ID","Sumatera Selatan (Provinsi)"
"8","17","Bengkulu","province",\N,\N,\N,\N,\N,\N,"1",\N,\N,"Kemendagri","active",\N,\N,"ID","Bengkulu (Provinsi)"
"9","18","Lampung","province",\N,\N,\N,\N,\N,\N,"1",\N,\N,"Kemendagri","active",\N,\N,"ID","Lampung (Provinsi)"
"10","19","Kepulauan Bangka Belitung","province",\N,\N,\N,\N,\N,\N,"1",\N,\N,"Kemendagri","active",\N,\N,"ID","Kepulauan Bangka Belitung (Provinsi)"
"11","21","Kepulauan Riau","province",\N,\N,\N,\N,\N,\N,"1",\N,\N,"Kemendagri","active",\N,\N,"ID","Kepulauan Riau (Provinsi)"
"12","31","DKI Jakarta","province",\N,\N,\N,\N,\N,\N,"1",\N,\N,"Kemendagri","active",\N,\N,"ID","Dki Jakarta (Provinsi)"
"13","32","Jawa Barat","province",\N,\N,\N,\N,\N,\N,"1",\N,\N,"Kemendagri","active",\N,\N,"ID","Jawa Barat (Provinsi)"
"14","33","Jawa Tengah","province",\N,\N,\N,\N,\N,\N,"1",\N,\N,"Kemendagri","active",\N,\N,"ID","Jawa Tengah (Provinsi)"
"15","34","Daerah Istimewa Yogyakarta","province",\N,\N,\N,\N,\N,\N,"1",\N,\N,"Kemendagri","active",\N,\N,"ID","Daerah Istimewa Yogyakarta (Provinsi)"
"16","35","Jawa Timur","province",\N,\N,\N,\N,\N,\N,"1",\N,\N,"Kemendagri","active",\N,\N,"ID","Jawa Timur (Provinsi)"
"17","36","Banten","province",\N,\N,\N,\N,\N,\N,"1",\N,\N,"Kemendagri","active",\N,\N,"ID","Banten (Provinsi)"
"18","51","Bali","province",\N,\N,\N,\N,\N,\N,"1",\N,\N,"Kemendagri","active",\N,\N,"ID","Bali (Provinsi)"
"19","52","Nusa Tenggara Barat","province",\N,\N,\N,\N,\N,\N,"1",\N,\N,"Kemendagri","active",\N,\N,"ID","Nusa Tenggara Barat (Provinsi)"
"20","53","Nusa Tenggara Timur","province",\N,\N,\N,\N,\N,\N,"1",\N,\N,"Kemendagri","active",\N,\N,"ID","Nusa Tenggara Timur (Provinsi)"
"21","61","Kalimantan Barat","province",\N,\N,\N,\N,\N,\N,"1",\N,\N,"Kemendagri","active",\N,\N,"ID","Kalimantan Barat (Provinsi)"
"22","62","Kalimantan Tengah","province",\N,\N,\N,\N,\N,\N,"1",\N,\N,"Kemendagri","active",\N,\N,"ID","Kalimantan Tengah (Provinsi)"
"23","63","Kalimantan Selatan","province",\N,\N,\N,\N,\N,\N,"1",\N,\N,"Kemendagri","active",\N,\N,"ID","Kalimantan Selatan (Provinsi)"
"24","64","Kalimantan Timur","province",\N,\N,\N,\N,\N,\N,"1",\N,\N,"Kemendagri","active",\N,\N,"ID","Kalimantan Timur (Provinsi)"
"25","65","Kalimantan Utara","province",\N,\N,\N,\N,\N,\N,"1",\N,\N,"Kemendagri","active",\N,\N,"ID","Kalimantan Utara (Provinsi)"
"26","71","Sulawesi Utara","province",\N,\N,\N,\N,\N,\N,"1",\N,\N,"Kemendagri","active",\N,\N,"ID","Sulawesi Utara (Provinsi)"
"27","72","Sulawesi Tengah","province",\N,\N,\N,\N,\N,\N,"1",\N,\N,"Kemendagri","active",\N,\N,"ID","Sulawesi Tengah (Provinsi)"
"28","73","Sulawesi Selatan","province",\N,\N,\N,\N,\N,\N,"1",\N,\N,"Kemendagri","active",\N,\N,"ID","Sulawesi Selatan (Provinsi)"
"29","74","Sulawesi Tenggara","province",\N,\N,\N,\N,\N,\N,"1",\N,\N,"Kemendagri","active",\N,\N,"ID","Sulawesi Tenggara (Provinsi)"
"30","75","Gorontalo","province",\N,\N,\N,\N,\N,\N,"1",\N,\N,"Kemendagri","active",\N,\N,"ID","Gorontalo (Provinsi)"
"31","76","Sulawesi Barat","province",\N,\N,\N,\N,\N,\N,"1",\N,\N,"Kemendagri","active",\N,\N,"ID","Sulawesi Barat (Provinsi)"
"32","81","Maluku","province",\N,\N,\N,\N,\N,\N,"1",\N,\N,"Kemendagri","active",\N,\N,"ID","Maluku (Provinsi)"
"33","82","Maluku Utara","province",\N,\N,\N,\N,\N,\N,"1",\N,\N,"Kemendagri","active",\N,\N,"ID","Maluku Utara (Provinsi)"
"34","91","Papua","province",\N,\N,\N,\N,\N,\N,"1",\N,\N,"Kemendagri","active",\N,\N,"ID","Papua (Provinsi)"
"35","92","Papua Barat","province",\N,\N,\N,\N,\N,\N,"1",\N,\N,"Kemendagri","active",\N,\N,"ID","Papua Barat (Provinsi)"
"36","93","Papua Selatan","province",\N,\N,\N,\N,\N,\N,"1",\N,\N,"Kemendagri","active",\N,\N,"ID","Papua Selatan (Provinsi)"
"37","94","Papua Tengah","province",\N,\N,\N,\N,\N,\N,"1",\N,\N,"Kemendagri","active",\N,\N,"ID","Papua Tengah (Provinsi)"
"38","95","Papua Pegunungan","province",\N,\N,\N,\N,\N,\N,"1",\N,\N,"Kemendagri","active",\N,\N,"ID","Papua Pegunungan (Provinsi)"
"39","1101","Kabupaten Aceh Selatan","regency",\N,\N,\N,\N,\N,\N,"2",\N,\N,"Kemendagri","active",\N,\N,"ID","Kabupaten Aceh Selatan, Aceh"
"40","1102","Kabupaten Aceh Tenggara","regency",\N,\N,\N,\N,\N,\N,"2",\N,\N,"Kemendagri","active",\N,\N,"ID","Kabupaten Aceh Tenggara, Aceh"
"41","1103","Kabupaten Aceh Timur","regency",\N,\N,\N,\N,\N,\N,"2",\N,\N,"Kemendagri","active",\N,\N,"ID","Kabupaten Aceh Timur, Aceh"
"42","1104","Kabupaten Aceh Tengah","regency",\N,\N,\N,\N,\N,\N,"2",\N,\N,"Kemendagri","active",\N,\N,"ID","Kabupaten Aceh Tengah, Aceh"
"43","1105","Kabupaten Aceh Barat","regency",\N,\N,\N,\N,\N,\N,"2",\N,\N,"Kemendagri","active",\N,\N,"ID","Kabupaten Aceh Barat, Aceh"
"44","1106","Kabupaten Aceh Besar","regency",\N,\N,\N,\N,\N,\N,"2",\N,\N,"Kemendagri","active",\N,\N,"ID","Kabupaten Aceh Besar, Aceh"
"45","1107","Kabupaten Pidie","regency",\N,\N,\N,\N,\N,\N,"2",\N,\N,"Kemendagri","active",\N,\N,"ID","Kabupaten Pidie, Aceh"
"46","1108","Kabupaten Aceh Utara","regency",\N,\N,\N,\N,\N,\N,"2",\N,\N,"Kemendagri","active",\N,\N,"ID","Kabupaten Aceh Utara, Aceh"
"47","1109","Kabupaten Simeulue","regency",\N,\N,\N,\N,\N,\N,"2",\N,\N,"Kemendagri","active",\N,\N,"ID","Kabupaten Simeulue, Aceh"
"48","1110","Kabupaten Aceh Singkil","regency",\N,\N,\N,\N,\N,\N,"2",\N,\N,"Kemendagri","active",\N,\N,"ID","Kabupaten Aceh Singkil, Aceh"
"49","1111","Kabupaten Bireuen","regency",\N,\N,\N,\N,\N,\N,"2",\N,\N,"Kemendagri","active",\N,\N,"ID","Kabupaten Bireuen, Aceh"
"50","1112","Kabupaten Aceh Barat Daya","regency",\N,\N,\N,\N,\N,\N,"2",\N,\N,"Kemendagri","active",\N,\N,"ID","Kabupaten Aceh Barat Daya, Aceh"
"51","1113","Kabupaten Gayo Lues","regency",\N,\N,\N,\N,\N,\N,"2",\N,\N,"Kemendagri","active",\N,\N,"ID","Kabupaten Gayo Lues, Aceh"
"52","1114","Kabupaten Aceh Jaya","regency",\N,\N,\N,\N,\N,\N,"2",\N,\N,"Kemendagri","active",\N,\N,"ID","Kabupaten Aceh Jaya, Aceh"
"53","1115","Kabupaten Nagan Raya","regency",\N,\N,\N,\N,\N,\N,"2",\N,\N,"Kemendagri","active",\N,\N,"ID","Kabupaten Nagan Raya, Aceh"
"54","1116","Kabupaten Aceh Tamiang","regency",\N,\N,\N,\N,\N,\N,"2",\N,\N,"Kemendagri","active",\N,\N,"ID","Kabupaten Aceh Tamiang, Aceh"
"55","1117","Kabupaten Bener Meriah","regency",\N,\N,\N,\N,\N,\N,"2",\N,\N,"Kemendagri","active",\N,\N,"ID","Kabupaten Bener Meriah, Aceh"
"56","1118","Kabupaten Pidie Jaya","regency",\N,\N,\N,\N,\N,\N,"2",\N,\N,"Kemendagri","active",\N,\N,"ID","Kabupaten Pidie Jaya, Aceh"
"57","1171","Kota Banda Aceh","city",\N,\N,\N,\N,\N,\N,"2",\N,\N,"Kemendagri","active",\N,\N,"ID","Kota Banda Aceh, Aceh"
"58","1172","Kota Sabang","city",\N,\N,\N,\N,\N,\N,"2",\N,\N,"Kemendagri","active",\N,\N,"ID","Kota Sabang, Aceh"
"59","1173","Kota Lhokseumawe","city",\N,\N,\N,\N,\N,\N,"2",\N,\N,"Kemendagri","active",\N,\N,"ID","Kota Lhokseumawe, Aceh"
"60","1174","Kota Langsa","city",\N,\N,\N,\N,\N,\N,"2",\N,\N,"Kemendagri","active",\N,\N,"ID","Kota Langsa, Aceh"
"61","1175","Kota Subulussalam","city",\N,\N,\N,\N,\N,\N,"2",\N,\N,"Kemendagri","active",\N,\N,"ID","Kota Subulussalam, Aceh"
"62","1201","Kabupaten Tapanuli Tengah","regency",\N,\N,\N,\N,\N,\N,"3",\N,\N,"Kemendagri","active",\N,\N,"ID","Kabupaten Tapanuli Tengah, Sumatera Utara"
"63","1202","Kabupaten Tapanuli Utara","regency",\N,\N,\N,\N,\N,\N,"3",\N,\N,"Kemendagri","active",\N,\N,"ID","Kabupaten Tapanuli Utara, Sumatera Utara"
"64","1203","Kabupaten Tapanuli Selatan","regency",\N,\N,\N,\N,\N,\N,"3",\N,\N,"Kemendagri","active",\N,\N,"ID","Kabupaten Tapanuli Selatan, Sumatera Utara"
"65","1204","Kabupaten Nias","regency",\N,\N,\N,\N,\N,\N,"3",\N,\N,"Kemendagri","active",\N,\N,"ID","Kabupaten Nias, Sumatera Utara"
"66","1205","Kabupaten Langkat","regency",\N,\N,\N,\N,\N,\N,"3",\N,\N,"Kemendagri","active",\N,\N,"ID","Kabupaten Langkat, Sumatera Utara"
"67","1206","Kabupaten Karo","regency",\N,\N,\N,\N,\N,\N,"3",\N,\N,"Kemendagri","active",\N,\N,"ID","Kabupaten Karo, Sumatera Utara"
"68","1207","Kabupaten Deli Serdang","regency",\N,\N,\N,\N,\N,\N,"3",\N,\N,"Kemendagri","active",\N,\N,"ID","Kabupaten Deli Serdang, Sumatera Utara"
"69","1208","Kabupaten Simalungun","regency",\N,\N,\N,\N,\N,\N,"3",\N,\N,"Kemendagri","active",\N,\N,"ID","Kabupaten Simalungun, Sumatera Utara"
"70","1209","Kabupaten Asahan","regency",\N,\N,\N,\N,\N,\N,"3",\N,\N,"Kemendagri","active",\N,\N,"ID","Kabupaten Asahan, Sumatera Utara"
"71","1210","Kabupaten Labuhanbatu","regency",\N,\N,\N,\N,\N,\N,"3",\N,\N,"Kemendagri","active",\N,\N,"ID","Kabupaten Labuhanbatu, Sumatera Utara"
"72","1211","Kabupaten Dairi","regency",\N,\N,\N,\N,\N,\N,"3",\N,\N,"Kemendagri","active",\N,\N,"ID","Kabupaten Dairi, Sumatera Utara"
"73","1212","Kabupaten Toba","regency",\N,\N,\N,\N,\N,\N,"3",\N,\N,"Kemendagri","active",\N,\N,"ID","Kabupaten Toba, Sumatera Utara"
"74","1213","Kabupaten Mandailing Natal","regency",\N,\N,\N,\N,\N,\N,"3",\N,\N,"Kemendagri","active",\N,\N,"ID","Kabupaten Mandailing Natal, Sumatera Utara"
"75","1214","Kabupaten Nias Selatan","regency",\N,\N,\N,\N,\N,\N,"3",\N,\N,"Kemendagri","active",\N,\N,"ID","Kabupaten Nias Selatan, Sumatera Utara"
"76","1215","Kabupaten Pakpak Bharat","regency",\N,\N,\N,\N,\N,\N,"3",\N,\N,"Kemendagri","active",\N,\N,"ID","Kabupaten Pakpak Bharat, Sumatera Utara"
"77","1216","Kabupaten Humbang Hasundutan","regency",\N,\N,\N,\N,\N,\N,"3",\N,\N,"Kemendagri","active",\N,\N,"ID","Kabupaten Humbang Hasundutan, Sumatera Utara"
"78","1217","Kabupaten Samosir","regency",\N,\N,\N,\N,\N,\N,"3",\N,\N,"Kemendagri","active",\N,\N,"ID","Kabupaten Samosir, Sumatera Utara"
"79","1218","Kabupaten Serdang Bedagai","regency",\N,\N,\N,\N,\N,\N,"3",\N,\N,"Kemendagri","active",\N,\N,"ID","Kabupaten Serdang Bedagai, Sumatera Utara"
"80","1219","Kabupaten Batu Bara","regency",\N,\N,\N,\N,\N,\N,"3",\N,\N,"Kemendagri","active",\N,\N,"ID","Kabupaten Batu Bara, Sumatera Utara"
"81","1220","Kabupaten Padang Lawas Utara","regency",\N,\N,\N,\N,\N,\N,"3",\N,\N,"Kemendagri","active",\N,\N,"ID","Kabupaten Padang Lawas Utara, Sumatera Utara"
"82","1221","Kabupaten Padang Lawas","regency",\N,\N,\N,\N,\N,\N,"3",\N,\N,"Kemendagri","active",\N,\N,"ID","Kabupaten Padang Lawas, Sumatera Utara"
"83","1222","Kabupaten Labuhanbatu Selatan","regency",\N,\N,\N,\N,\N,\N,"3",\N,\N,"Kemendagri","active",\N,\N,"ID","Kabupaten Labuhanbatu Selatan, Sumatera Utara"
"84","1223","Kabupaten Labuhanbatu Utara","regency",\N,\N,\N,\N,\N,\N,"3",\N,\N,"Kemendagri","active",\N,\N,"ID","Kabupaten Labuhanbatu Utara, Sumatera Utara"
"85","1224","Kabupaten Nias Utara","regency",\N,\N,\N,\N,\N,\N,"3",\N,\N,"Kemendagri","active",\N,\N,"ID","Kabupaten Nias Utara, Sumatera Utara"
"86","1225","Kabupaten Nias Barat","regency",\N,\N,\N,\N,\N,\N,"3",\N,\N,"Kemendagri","active",\N,\N,"ID","Kabupaten Nias Barat, Sumatera Utara"
"87","1271","Kota Medan","city",\N,\N,\N,\N,\N,\N,"3",\N,\N,"Kemendagri","active",\N,\N,"ID","Kota Medan, Sumatera Utara"
"88","1272","Kota Pematangsiantar","city",\N,\N,\N,\N,\N,\N,"3",\N,\N,"Kemendagri","active",\N,\N,"ID","Kota Pematangsiantar, Sumatera Utara"
"89","1273","Kota Sibolga","city",\N,\N,\N,\N,\N,\N,"3",\N,\N,"Kemendagri","active",\N,\N,"ID","Kota Sibolga, Sumatera Utara"
"90","1274","Kota Tanjung Balai","city",\N,\N,\N,\N,\N,\N,"3",\N,\N,"Kemendagri","active",\N,\N,"ID","Kota Tanjung Balai, Sumatera Utara"
"91","1275","Kota Binjai","city",\N,\N,\N,\N,\N,\N,"3",\N,\N,"Kemendagri","active",\N,\N,"ID","Kota Binjai, Sumatera Utara"
"92","1276","Kota Tebing Tinggi","city",\N,\N,\N,\N,\N,\N,"3",\N,\N,"Kemendagri","active",\N,\N,"ID","Kota Tebing Tinggi, Sumatera Utara"
"93","1277","Kota Padangsidimpuan","city",\N,\N,\N,\N,\N,\N,"3",\N,\N,"Kemendagri","active",\N,\N,"ID","Kota Padangsidimpuan, Sumatera Utara"
"94","1278","Kota Gunungsitoli","city",\N,\N,\N,\N,\N,\N,"3",\N,\N,"Kemendagri","active",\N,\N,"ID","Kota Gunungsitoli, Sumatera Utara"
"95","1301","Kabupaten Pesisir Selatan","regency",\N,\N,\N,\N,\N,\N,"4",\N,\N,"Kemendagri","active",\N,\N,"ID","Kabupaten Pesisir Selatan, Sumatera Barat"
"96","1302","Kabupaten Solok","regency",\N,\N,\N,\N,\N,\N,"4",\N,\N,"Kemendagri","active",\N,\N,"ID","Kabupaten Solok, Sumatera Barat"
"97","1303","Kabupaten Sijunjung","regency",\N,\N,\N,\N,\N,\N,"4",\N,\N,"Kemendagri","active",\N,\N,"ID","Kabupaten Sijunjung, Sumatera Barat"
"98","1304","Kabupaten Tanah Datar","regency",\N,\N,\N,\N,\N,\N,"4",\N,\N,"Kemendagri","active",\N,\N,"ID","Kabupaten Tanah Datar, Sumatera Barat"
"99","1305","Kabupaten Padang Pariaman","regency",\N,\N,\N,\N,\N,\N,"4",\N,\N,"Kemendagri","active",\N,\N,"ID","Kabupaten Padang Pariaman, Sumatera Barat"
"100","1306","Kabupaten Agam","regency",\N,\N,\N,\N,\N,\N,"4",\N,\N,"Kemendagri","active",\N,\N,"ID","Kabupaten Agam, Sumatera Barat"
"101","1307","Kabupaten Lima Puluh Kota","regency",\N,\N,\N,\N,\N,\N,"4",\N,\N,"Kemendagri","active",\N,\N,"ID","Kabupaten Lima Puluh Kota, Sumatera Barat"
"102","1308","Kabupaten Pasaman","regency",\N,\N,\N,\N,\N,\N,"4",\N,\N,"Kemendagri","active",\N,\N,"ID","Kabupaten Pasaman, Sumatera Barat"
"103","1309","Kabupaten Kepulauan Mentawai","regency",\N,\N,\N,\N,\N,\N,"4",\N,\N,"Kemendagri","active",\N,\N,"ID","Kabupaten Kepulauan Mentawai, Sumatera Barat"
"104","1310","Kabupaten Dharmasraya","regency",\N,\N,\N,\N,\N,\N,"4",\N,\N,"Kemendagri","active",\N,\N,"ID","Kabupaten Dharmasraya, Sumatera Barat"
"105","1311","Kabupaten Solok Selatan","regency",\N,\N,\N,\N,\N,\N,"4",\N,\N,"Kemendagri","active",\N,\N,"ID","Kabupaten Solok Selatan, Sumatera Barat"
"106","1312","Kabupaten Pasaman Barat","regency",\N,\N,\N,\N,\N,\N,"4",\N,\N,"Kemendagri","active",\N,\N,"ID","Kabupaten Pasaman Barat, Sumatera Barat"
"107","1371","Kota Padang","city",\N,\N,\N,\N,\N,\N,"4",\N,\N,"Kemendagri","active",\N,\N,"ID","Kota Padang, Sumatera Barat"
"108","1372","Kota Solok","city",\N,\N,\N,\N,\N,\N,"4",\N,\N,"Kemendagri","active",\N,\N,"ID","Kota Solok, Sumatera Barat"
"109","1373","Kota Sawahlunto","city",\N,\N,\N,\N,\N,\N,"4",\N,\N,"Kemendagri","active",\N,\N,"ID","Kota Sawahlunto, Sumatera Barat"
"110","1374","Kota Padang Panjang","city",\N,\N,\N,\N,\N,\N,"4",\N,\N,"Kemendagri","active",\N,\N,"ID","Kota Padang Panjang, Sumatera Barat"
"111","1375","Kota Bukittinggi","city",\N,\N,\N,\N,\N,\N,"4",\N,\N,"Kemendagri","active",\N,\N,"ID","Kota Bukittinggi, Sumatera Barat"
"112","1376","Kota Payakumbuh","city",\N,\N,\N,\N,\N,\N,"4",\N,\N,"Kemendagri","active",\N,\N,"ID","Kota Payakumbuh, Sumatera Barat"
"113","1377","Kota Pariaman","city",\N,\N,\N,\N,\N,\N,"4",\N,\N,"Kemendagri","active",\N,\N,"ID","Kota Pariaman, Sumatera Barat"
"114","1401","Kabupaten Kampar","regency",\N,\N,\N,\N,\N,\N,"5",\N,\N,"Kemendagri","active",\N,\N,"ID","Kabupaten Kampar, Riau"
"115","1402","Kabupaten Indragiri Hulu","regency",\N,\N,\N,\N,\N,\N,"5",\N,\N,"Kemendagri","active",\N,\N,"ID","Kabupaten Indragiri Hulu, Riau"
"116","1403","Kabupaten Bengkalis","regency",\N,\N,\N,\N,\N,\N,"5",\N,\N,"Kemendagri","active",\N,\N,"ID","Kabupaten Bengkalis, Riau"
"117","1404","Kabupaten Indragiri Hilir","regency",\N,\N,\N,\N,\N,\N,"5",\N,\N,"Kemendagri","active",\N,\N,"ID","Kabupaten Indragiri Hilir, Riau"
"118","1405","Kabupaten Pelalawan","regency",\N,\N,\N,\N,\N,\N,"5",\N,\N,"Kemendagri","active",\N,\N,"ID","Kabupaten Pelalawan, Riau"
"119","1406","Kabupaten Rokan Hulu","regency",\N,\N,\N,\N,\N,\N,"5",\N,\N,"Kemendagri","active",\N,\N,"ID","Kabupaten Rokan Hulu, Riau"
"120","1407","Kabupaten Rokan Hilir","regency",\N,\N,\N,\N,\N,\N,"5",\N,\N,"Kemendagri","active",\N,\N,"ID","Kabupaten Rokan Hilir, Riau"
"121","1408","Kabupaten Siak","regency",\N,\N,\N,\N,\N,\N,"5",\N,\N,"Kemendagri","active",\N,\N,"ID","Kabupaten Siak, Riau"
"122","1409","Kabupaten Kuantan Singingi","regency",\N,\N,\N,\N,\N,\N,"5",\N,\N,"Kemendagri","active",\N,\N,"ID","Kabupaten Kuantan Singingi, Riau"
"123","1410","Kabupaten Kepulauan Meranti","regency",\N,\N,\N,\N,\N,\N,"5",\N,\N,"Kemendagri","active",\N,\N,"ID","Kabupaten Kepulauan Meranti, Riau"
"124","1471","Kota Pekanbaru","city",\N,\N,\N,\N,\N,\N,"5",\N,\N,"Kemendagri","active",\N,\N,"ID","Kota Pekanbaru, Riau"
"125","1472","Kota Dumai","city",\N,\N,\N,\N,\N,\N,"5",\N,\N,"Kemendagri","active",\N,\N,"ID","Kota Dumai, Riau"
"126","1501","Kabupaten Kerinci","regency",\N,\N,\N,\N,\N,\N,"6",\N,\N,"Kemendagri","active",\N,\N,"ID","Kabupaten Kerinci, Jambi"
"127","1502","Kabupaten Merangin","regency",\N,\N,\N,\N,\N,\N,"6",\N,\N,"Kemendagri","active",\N,\N,"ID","Kabupaten Merangin, Jambi"
"128","1503","Kabupaten Sarolangun","regency",\N,\N,\N,\N,\N,\N,"6",\N,\N,"Kemendagri","active",\N,\N,"ID","Kabupaten Sarolangun, Jambi"
"129","1504","Kabupaten Batanghari","regency",\N,\N,\N,\N,\N,\N,"6",\N,\N,"Kemendagri","active",\N,\N,"ID","Kabupaten Batanghari, Jambi"
"130","1505","Kabupaten Muaro Jambi","regency",\N,\N,\N,\N,\N,\N,"6",\N,\N,"Kemendagri","active",\N,\N,"ID","Kabupaten Muaro Jambi, Jambi"
"131","1506","Kabupaten Tanjung Jabung Barat","regency",\N,\N,\N,\N,\N,\N,"6",\N,\N,"Kemendagri","active",\N,\N,"ID","Kabupaten Tanjung Jabung Barat, Jambi"
"132","1507","Kabupaten Tanjung Jabung Timur","regency",\N,\N,\N,\N,\N,\N,"6",\N,\N,"Kemendagri","active",\N,\N,"ID","Kabupaten Tanjung Jabung Timur, Jambi"
"133","1508","Kabupaten Bungo","regency",\N,\N,\N,\N,\N,\N,"6",\N,\N,"Kemendagri","active",\N,\N,"ID","Kabupaten Bungo, Jambi"
"134","1509","Kabupaten Tebo","regency",\N,\N,\N,\N,\N,\N,"6",\N,\N,"Kemendagri","active",\N,\N,"ID","Kabupaten Tebo, Jambi"
"135","1571","Kota Jambi","city",\N,\N,\N,\N,\N,\N,"6",\N,\N,"Kemendagri","active",\N,\N,"ID","Kota Jambi, Jambi"
"136","1572","Kota Sungai Penuh","city",\N,\N,\N,\N,\N,\N,"6",\N,\N,"Kemendagri","active",\N,\N,"ID","Kota Sungai Penuh, Jambi"
"137","1601","Kabupaten Ogan Komering Ulu","regency",\N,\N,\N,\N,\N,\N,"7",\N,\N,"Kemendagri","active",\N,\N,"ID","Kabupaten Ogan Komering Ulu, Sumatera Selatan"
"138","1602","Kabupaten Ogan Komering Ilir","regency",\N,\N,\N,\N,\N,\N,"7",\N,\N,"Kemendagri","active",\N,\N,"ID","Kabupaten Ogan Komering Ilir, Sumatera Selatan"
"139","1603","Kabupaten Muara Enim","regency",\N,\N,\N,\N,\N,\N,"7",\N,\N,"Kemendagri","active",\N,\N,"ID","Kabupaten Muara Enim, Sumatera Selatan"
"140","1604","Kabupaten Lahat","regency",\N,\N,\N,\N,\N,\N,"7",\N,\N,"Kemendagri","active",\N,\N,"ID","Kabupaten Lahat, Sumatera Selatan"
"141","1605","Kabupaten Musi Rawas","regency",\N,\N,\N,\N,\N,\N,"7",\N,\N,"Kemendagri","active",\N,\N,"ID","Kabupaten Musi Rawas, Sumatera Selatan"
"142","1606","Kabupaten Musi Banyuasin","regency",\N,\N,\N,\N,\N,\N,"7",\N,\N,"Kemendagri","active",\N,\N,"ID","Kabupaten Musi Banyuasin, Sumatera Selatan"
"143","1607","Kabupaten Banyuasin","regency",\N,\N,\N,\N,\N,\N,"7",\N,\N,"Kemendagri","active",\N,\N,"ID","Kabupaten Banyuasin, Sumatera Selatan"
"144","1608","Kabupaten Ogan Komering Ulu Timur","regency",\N,\N,\N,\N,\N,\N,"7",\N,\N,"Kemendagri","active",\N,\N,"ID","Kabupaten Ogan Komering Ulu Timur, Sumatera Selatan"
"145","1609","Kabupaten Ogan Komering Ulu Selatan","regency",\N,\N,\N,\N,\N,\N,"7",\N,\N,"Kemendagri","active",\N,\N,"ID","Kabupaten Ogan Komering Ulu Selatan, Sumatera Selatan"
"146","1610","Kabupaten Ogan Ilir","regency",\N,\N,\N,\N,\N,\N,"7",\N,\N,"Kemendagri","active",\N,\N,"ID","Kabupaten Ogan Ilir, Sumatera Selatan"
"147","1611","Kabupaten Empat Lawang","regency",\N,\N,\N,\N,\N,\N,"7",\N,\N,"Kemendagri","active",\N,\N,"ID","Kabupaten Empat Lawang, Sumatera Selatan"
"148","1612","Kabupaten Penukal Abab Lematang Ilir","regency",\N,\N,\N,\N,\N,\N,"7",\N,\N,"Kemendagri","active",\N,\N,"ID","Kabupaten Penukal Abab Lematang Ilir, Sumatera Selatan"
"149","1613","Kabupaten Musi Rawas Utara","regency",\N,\N,\N,\N,\N,\N,"7",\N,\N,"Kemendagri","active",\N,\N,"ID","Kabupaten Musi Rawas Utara, Sumatera Selatan"
"150","1671","Kota Palembang","city",\N,\N,\N,\N,\N,\N,"7",\N,\N,"Kemendagri","active",\N,\N,"ID","Kota Palembang, Sumatera Selatan"
"151","1672","Kota Pagar Alam","city",\N,\N,\N,\N,\N,\N,"7",\N,\N,"Kemendagri","active",\N,\N,"ID","Kota Pagar Alam, Sumatera Selatan"
"152","1673","Kota Lubuk Linggau","city",\N,\N,\N,\N,\N,\N,"7",\N,\N,"Kemendagri","active",\N,\N,"ID","Kota Lubuk Linggau, Sumatera Selatan"
"153","1674","Kota Prabumulih","city",\N,\N,\N,\N,\N,\N,"7",\N,\N,"Kemendagri","active",\N,\N,"ID","Kota Prabumulih, Sumatera Selatan"
"154","1701","Kabupaten Bengkulu Selatan","regency",\N,\N,\N,\N,\N,\N,"8",\N,\N,"Kemendagri","active",\N,\N,"ID","Kabupaten Bengkulu Selatan, Bengkulu"
"155","1702","Kabupaten Rejang Lebong","regency",\N,\N,\N,\N,\N,\N,"8",\N,\N,"Kemendagri","active",\N,\N,"ID","Kabupaten Rejang Lebong, Bengkulu"
"156","1703","Kabupaten Bengkulu Utara","regency",\N,\N,\N,\N,\N,\N,"8",\N,\N,"Kemendagri","active",\N,\N,"ID","Kabupaten Bengkulu Utara, Bengkulu"
"157","1704","Kabupaten Kaur","regency",\N,\N,\N,\N,\N,\N,"8",\N,\N,"Kemendagri","active",\N,\N,"ID","Kabupaten Kaur, Bengkulu"
"158","1705","Kabupaten Seluma","regency",\N,\N,\N,\N,\N,\N,"8",\N,\N,"Kemendagri","active",\N,\N,"ID","Kabupaten Seluma, Bengkulu"
"159","1706","Kabupaten Muko Muko","regency",\N,\N,\N,\N,\N,\N,"8",\N,\N,"Kemendagri","active",\N,\N,"ID","Kabupaten Muko Muko, Bengkulu"
"160","1707","Kabupaten Lebong","regency",\N,\N,\N,\N,\N,\N,"8",\N,\N,"Kemendagri","active",\N,\N,"ID","Kabupaten Lebong, Bengkulu"
"161","1708","Kabupaten Kepahiang","regency",\N,\N,\N,\N,\N,\N,"8",\N,\N,"Kemendagri","active",\N,\N,"ID","Kabupaten Kepahiang, Bengkulu"
"162","1709","Kabupaten Bengkulu Tengah","regency",\N,\N,\N,\N,\N,\N,"8",\N,\N,"Kemendagri","active",\N,\N,"ID","Kabupaten Bengkulu Tengah, Bengkulu"
"163","1771","Kota Bengkulu","city",\N,\N,\N,\N,\N,\N,"8",\N,\N,"Kemendagri","active",\N,\N,"ID","Kota Bengkulu, Bengkulu"
"164","1801","Kabupaten Lampung Selatan","regency",\N,\N,\N,\N,\N,\N,"9",\N,\N,"Kemendagri","active",\N,\N,"ID","Kabupaten Lampung Selatan, Lampung"
"165","1802","Kabupaten Lampung Tengah","regency",\N,\N,\N,\N,\N,\N,"9",\N,\N,"Kemendagri","active",\N,\N,"ID","Kabupaten Lampung Tengah, Lampung"
"166","1803","Kabupaten Lampung Utara","regency",\N,\N,\N,\N,\N,\N,"9",\N,\N,"Kemendagri","active",\N,\N,"ID","Kabupaten Lampung Utara, Lampung"
"167","1804","Kabupaten Lampung Barat","regency",\N,\N,\N,\N,\N,\N,"9",\N,\N,"Kemendagri","active",\N,\N,"ID","Kabupaten Lampung Barat, Lampung"
"168","1805","Kabupaten Tulang Bawang","regency",\N,\N,\N,\N,\N,\N,"9",\N,\N,"Kemendagri","active",\N,\N,"ID","Kabupaten Tulang Bawang, Lampung"
"169","1806","Kabupaten Tanggamus","regency",\N,\N,\N,\N,\N,\N,"9",\N,\N,"Kemendagri","active",\N,\N,"ID","Kabupaten Tanggamus, Lampung"
"170","1807","Kabupaten Lampung Timur","regency",\N,\N,\N,\N,\N,\N,"9",\N,\N,"Kemendagri","active",\N,\N,"ID","Kabupaten Lampung Timur, Lampung"
"171","1808","Kabupaten Way Kanan","regency",\N,\N,\N,\N,\N,\N,"9",\N,\N,"Kemendagri","active",\N,\N,"ID","Kabupaten Way Kanan, Lampung"
"172","1809","Kabupaten Pesawaran","regency",\N,\N,\N,\N,\N,\N,"9",\N,\N,"Kemendagri","active",\N,\N,"ID","Kabupaten Pesawaran, Lampung"
"173","1810","Kabupaten Pringsewu","regency",\N,\N,\N,\N,\N,\N,"9",\N,\N,"Kemendagri","active",\N,\N,"ID","Kabupaten Pringsewu, Lampung"
"174","1811","Kabupaten Mesuji","regency",\N,\N,\N,\N,\N,\N,"9",\N,\N,"Kemendagri","active",\N,\N,"ID","Kabupaten Mesuji, Lampung"
"175","1812","Kabupaten Tulang Bawang Barat","regency",\N,\N,\N,\N,\N,\N,"9",\N,\N,"Kemendagri","active",\N,\N,"ID","Kabupaten Tulang Bawang Barat, Lampung"
"176","1813","Kabupaten Pesisir Barat","regency",\N,\N,\N,\N,\N,\N,"9",\N,\N,"Kemendagri","active",\N,\N,"ID","Kabupaten Pesisir Barat, Lampung"
"177","1871","Kota Bandar Lampung","city",\N,\N,\N,\N,\N,\N,"9",\N,\N,"Kemendagri","active",\N,\N,"ID","Kota Bandar Lampung, Lampung"
"178","1872","Kota Metro","city",\N,\N,\N,\N,\N,\N,"9",\N,\N,"Kemendagri","active",\N,\N,"ID","Kota Metro, Lampung"
"179","1901","Kabupaten Bangka","regency",\N,\N,\N,\N,\N,\N,"10",\N,\N,"Kemendagri","active",\N,\N,"ID","Kabupaten Bangka, Kepulauan Bangka Belitung"
"180","1902","Kabupaten Belitung","regency",\N,\N,\N,\N,\N,\N,"10",\N,\N,"Kemendagri","active",\N,\N,"ID","Kabupaten Belitung, Kepulauan Bangka Belitung"
"181","1903","Kabupaten Bangka Selatan","regency",\N,\N,\N,\N,\N,\N,"10",\N,\N,"Kemendagri","active",\N,\N,"ID","Kabupaten Bangka Selatan, Kepulauan Bangka Belitung"
"182","1904","Kabupaten Bangka Tengah","regency",\N,\N,\N,\N,\N,\N,"10",\N,\N,"Kemendagri","active",\N,\N,"ID","Kabupaten Bangka Tengah, Kepulauan Bangka Belitung"
"183","1905","Kabupaten Bangka Barat","regency",\N,\N,\N,\N,\N,\N,"10",\N,\N,"Kemendagri","active",\N,\N,"ID","Kabupaten Bangka Barat, Kepulauan Bangka Belitung"
"184","1906","Kabupaten Belitung Timur","regency",\N,\N,\N,\N,\N,\N,"10",\N,\N,"Kemendagri","active",\N,\N,"ID","Kabupaten Belitung Timur, Kepulauan Bangka Belitung"
"185","1971","Kota Pangkal Pinang","city",\N,\N,\N,\N,\N,\N,"10",\N,\N,"Kemendagri","active",\N,\N,"ID","Kota Pangkal Pinang, Kepulauan Bangka Belitung"
"186","2101","Kabupaten Bintan","regency",\N,\N,\N,\N,\N,\N,"11",\N,\N,"Kemendagri","active",\N,\N,"ID","Kabupaten Bintan, Kepulauan Riau"
"187","2102","Kabupaten Karimun","regency",\N,\N,\N,\N,\N,\N,"11",\N,\N,"Kemendagri","active",\N,\N,"ID","Kabupaten Karimun, Kepulauan Riau"
"188","2103","Kabupaten Natuna","regency",\N,\N,\N,\N,\N,\N,"11",\N,\N,"Kemendagri","active",\N,\N,"ID","Kabupaten Natuna, Kepulauan Riau"
"189","2104","Kabupaten Lingga","regency",\N,\N,\N,\N,\N,\N,"11",\N,\N,"Kemendagri","active",\N,\N,"ID","Kabupaten Lingga, Kepulauan Riau"
"190","2105","Kabupaten Kepulauan Anambas","regency",\N,\N,\N,\N,\N,\N,"11",\N,\N,"Kemendagri","active",\N,\N,"ID","Kabupaten Kepulauan Anambas, Kepulauan Riau"
"191","2171","Kota Batam","city",\N,\N,\N,\N,\N,\N,"11",\N,\N,"Kemendagri","active",\N,\N,"ID","Kota Batam, Kepulauan Riau"
"192","2172","Kota Tanjung Pinang","city",\N,\N,\N,\N,\N,\N,"11",\N,\N,"Kemendagri","active",\N,\N,"ID","Kota Tanjung Pinang, Kepulauan Riau"
"193","3101","Kep. Seribu","regency",\N,\N,\N,\N,\N,\N,"12",\N,\N,"Kemendagri","active",\N,\N,"ID","Kabupaten Adm. Kep. Seribu, Dki Jakarta"
"194","3171","Jakarta Pusat","city",\N,\N,\N,\N,\N,\N,"12",\N,\N,"Kemendagri","active",\N,\N,"ID","Kota Adm. Jakarta Pusat, Dki Jakarta"
"195","3172","Jakarta Utara","city",\N,\N,\N,\N,\N,\N,"12",\N,\N,"Kemendagri","active",\N,\N,"ID","Kota Adm. Jakarta Utara, Dki Jakarta"
"196","3173","Jakarta Barat","city",\N,\N,\N,\N,\N,\N,"12",\N,\N,"Kemendagri","active",\N,\N,"ID","Kota Adm. Jakarta Barat, Dki Jakarta"
"197","3174","Jakarta Selatan","city",\N,\N,\N,\N,\N,\N,"12",\N,\N,"Kemendagri","active",\N,\N,"ID","Kota Adm. Jakarta Selatan, Dki Jakarta"
"198","3175","Jakarta Timur","city",\N,\N,\N,\N,\N,\N,"12",\N,\N,"Kemendagri","active",\N,\N,"ID","Kota Adm. Jakarta Timur, Dki Jakarta"
"199","3201","Kabupaten Bogor","regency",\N,\N,\N,\N,\N,\N,"13",\N,\N,"Kemendagri","active",\N,\N,"ID","Kabupaten Bogor, Jawa Barat"
"200","3202","Kabupaten Sukabumi","regency",\N,\N,\N,\N,\N,\N,"13",\N,\N,"Kemendagri","active",\N,\N,"ID","Kabupaten Sukabumi, Jawa Barat"
"201","3203","Kabupaten Cianjur","regency",\N,\N,\N,\N,\N,\N,"13",\N,\N,"Kemendagri","active",\N,\N,"ID","Kabupaten Cianjur, Jawa Barat"
"202","3204","Kabupaten Bandung","regency",\N,\N,\N,\N,\N,\N,"13",\N,\N,"Kemendagri","active",\N,\N,"ID","Kabupaten Bandung, Jawa Barat"
"203","3205","Kabupaten Garut","regency",\N,\N,\N,\N,\N,\N,"13",\N,\N,"Kemendagri","active",\N,\N,"ID","Kabupaten Garut, Jawa Barat"
"204","3206","Kabupaten Tasikmalaya","regency",\N,\N,\N,\N,\N,\N,"13",\N,\N,"Kemendagri","active",\N,\N,"ID","Kabupaten Tasikmalaya, Jawa Barat"
"205","3207","Kabupaten Ciamis","regency",\N,\N,\N,\N,\N,\N,"13",\N,\N,"Kemendagri","active",\N,\N,"ID","Kabupaten Ciamis, Jawa Barat"
"206","3208","Kabupaten Kuningan","regency",\N,\N,\N,\N,\N,\N,"13",\N,\N,"Kemendagri","active",\N,\N,"ID","Kabupaten Kuningan, Jawa Barat"
"207","3209","Kabupaten Cirebon","regency",\N,\N,\N,\N,\N,\N,"13",\N,\N,"Kemendagri","active",\N,\N,"ID","Kabupaten Cirebon, Jawa Barat"
"208","3210","Kabupaten Majalengka","regency",\N,\N,\N,\N,\N,\N,"13",\N,\N,"Kemendagri","active",\N,\N,"ID","Kabupaten Majalengka, Jawa Barat"
"209","3211","Kabupaten Sumedang","regency",\N,\N,\N,\N,\N,\N,"13",\N,\N,"Kemendagri","active",\N,\N,"ID","Kabupaten Sumedang, Jawa Barat"
"210","3212","Kabupaten Indramayu","regency",\N,\N,\N,\N,\N,\N,"13",\N,\N,"Kemendagri","active",\N,\N,"ID","Kabupaten Indramayu, Jawa Barat"
"211","3213","Kabupaten Subang","regency",\N,\N,\N,\N,\N,\N,"13",\N,\N,"Kemendagri","active",\N,\N,"ID","Kabupaten Subang, Jawa Barat"
"212","3214","Kabupaten Purwakarta","regency",\N,\N,\N,\N,\N,\N,"13",\N,\N,"Kemendagri","active",\N,\N,"ID","Kabupaten Purwakarta, Jawa Barat"
"213","3215","Kabupaten Karawang","regency",\N,\N,\N,\N,\N,\N,"13",\N,\N,"Kemendagri","active",\N,\N,"ID","Kabupaten Karawang, Jawa Barat"
"214","3216","Kabupaten Bekasi","regency",\N,\N,\N,\N,\N,\N,"13",\N,\N,"Kemendagri","active",\N,\N,"ID","Kabupaten Bekasi, Jawa Barat"
"215","3217","Kabupaten Bandung Barat","regency",\N,\N,\N,\N,\N,\N,"13",\N,\N,"Kemendagri","active",\N,\N,"ID","Kabupaten Bandung Barat, Jawa Barat"
"216","3218","Kabupaten Pangandaran","regency",\N,\N,\N,\N,\N,\N,"13",\N,\N,"Kemendagri","active",\N,\N,"ID","Kabupaten Pangandaran, Jawa Barat"
"217","3271","Kota Bogor","city",\N,\N,\N,\N,\N,\N,"13",\N,\N,"Kemendagri","active",\N,\N,"ID","Kota Bogor, Jawa Barat"
"218","3272","Kota Sukabumi","city",\N,\N,\N,\N,\N,\N,"13",\N,\N,"Kemendagri","active",\N,\N,"ID","Kota Sukabumi, Jawa Barat"
"219","3273","Kota Bandung","city",\N,\N,\N,\N,\N,\N,"13",\N,\N,"Kemendagri","active",\N,\N,"ID","Kota Bandung, Jawa Barat"
"220","3274","Kota Cirebon","city",\N,\N,\N,\N,\N,\N,"13",\N,\N,"Kemendagri","active",\N,\N,"ID","Kota Cirebon, Jawa Barat"
"221","3275","Kota Bekasi","city",\N,\N,\N,\N,\N,\N,"13",\N,\N,"Kemendagri","active",\N,\N,"ID","Kota Bekasi, Jawa Barat"
"222","3276","Kota Depok","city",\N,\N,\N,\N,\N,\N,"13",\N,\N,"Kemendagri","active",\N,\N,"ID","Kota Depok, Jawa Barat"
"223","3277","Kota Cimahi","city",\N,\N,\N,\N,\N,\N,"13",\N,\N,"Kemendagri","active",\N,\N,"ID","Kota Cimahi, Jawa Barat"
"224","3278","Kota Tasikmalaya","city",\N,\N,\N,\N,\N,\N,"13",\N,\N,"Kemendagri","active",\N,\N,"ID","Kota Tasikmalaya, Jawa Barat"
"225","3279","Kota Banjar","city",\N,\N,\N,\N,\N,\N,"13",\N,\N,"Kemendagri","active",\N,\N,"ID","Kota Banjar, Jawa Barat"
"226","3301","Kabupaten Cilacap","regency",\N,\N,\N,\N,\N,\N,"14",\N,\N,"Kemendagri","active",\N,\N,"ID","Kabupaten Cilacap, Jawa Tengah"
"227","3302","Kabupaten Banyumas","regency",\N,\N,\N,\N,\N,\N,"14",\N,\N,"Kemendagri","active",\N,\N,"ID","Kabupaten Banyumas, Jawa Tengah"
"228","3303","Kabupaten Purbalingga","regency",\N,\N,\N,\N,\N,\N,"14",\N,\N,"Kemendagri","active",\N,\N,"ID","Kabupaten Purbalingga, Jawa Tengah"
"229","3304","Kabupaten Banjarnegara","regency",\N,\N,\N,\N,\N,\N,"14",\N,\N,"Kemendagri","active",\N,\N,"ID","Kabupaten Banjarnegara, Jawa Tengah"
"230","3305","Kabupaten Kebumen","regency",\N,\N,\N,\N,\N,\N,"14",\N,\N,"Kemendagri","active",\N,\N,"ID","Kabupaten Kebumen, Jawa Tengah"
"231","3306","Kabupaten Purworejo","regency",\N,\N,\N,\N,\N,\N,"14",\N,\N,"Kemendagri","active",\N,\N,"ID","Kabupaten Purworejo, Jawa Tengah"
"232","3307","Kabupaten Wonosobo","regency",\N,\N,\N,\N,\N,\N,"14",\N,\N,"Kemendagri","active",\N,\N,"ID","Kabupaten Wonosobo, Jawa Tengah"
"233","3308","Kabupaten Magelang","regency",\N,\N,\N,\N,\N,\N,"14",\N,\N,"Kemendagri","active",\N,\N,"ID","Kabupaten Magelang, Jawa Tengah"
"234","3309","Kabupaten Boyolali","regency",\N,\N,\N,\N,\N,\N,"14",\N,\N,"Kemendagri","active",\N,\N,"ID","Kabupaten Boyolali, Jawa Tengah"
"235","3310","Kabupaten Klaten","regency",\N,\N,\N,\N,\N,\N,"14",\N,\N,"Kemendagri","active",\N,\N,"ID","Kabupaten Klaten, Jawa Tengah"
"236","3311","Kabupaten Sukoharjo","regency",\N,\N,\N,\N,\N,\N,"14",\N,\N,"Kemendagri","active",\N,\N,"ID","Kabupaten Sukoharjo, Jawa Tengah"
"237","3312","Kabupaten Wonogiri","regency",\N,\N,\N,\N,\N,\N,"14",\N,\N,"Kemendagri","active",\N,\N,"ID","Kabupaten Wonogiri, Jawa Tengah"
"238","3313","Kabupaten Karanganyar","regency",\N,\N,\N,\N,\N,\N,"14",\N,\N,"Kemendagri","active",\N,\N,"ID","Kabupaten Karanganyar, Jawa Tengah"
"239","3314","Kabupaten Sragen","regency",\N,\N,\N,\N,\N,\N,"14",\N,\N,"Kemendagri","active",\N,\N,"ID","Kabupaten Sragen, Jawa Tengah"
"240","3315","Kabupaten Grobogan","regency",\N,\N,\N,\N,\N,\N,"14",\N,\N,"Kemendagri","active",\N,\N,"ID","Kabupaten Grobogan, Jawa Tengah"
"241","3316","Kabupaten Blora","regency",\N,\N,\N,\N,\N,\N,"14",\N,\N,"Kemendagri","active",\N,\N,"ID","Kabupaten Blora, Jawa Tengah"
"242","3317","Kabupaten Rembang","regency",\N,\N,\N,\N,\N,\N,"14",\N,\N,"Kemendagri","active",\N,\N,"ID","Kabupaten Rembang, Jawa Tengah"
"243","3318","Kabupaten Pati","regency",\N,\N,\N,\N,\N,\N,"14",\N,\N,"Kemendagri","active",\N,\N,"ID","Kabupaten Pati, Jawa Tengah"
"244","3319","Kabupaten Kudus","regency",\N,\N,\N,\N,\N,\N,"14",\N,\N,"Kemendagri","active",\N,\N,"ID","Kabupaten Kudus, Jawa Tengah"
"245","3320","Kabupaten Jepara","regency",\N,\N,\N,\N,\N,\N,"14",\N,\N,"Kemendagri","active",\N,\N,"ID","Kabupaten Jepara, Jawa Tengah"
"246","3321","Kabupaten Demak","regency",\N,\N,\N,\N,\N,\N,"14",\N,\N,"Kemendagri","active",\N,\N,"ID","Kabupaten Demak, Jawa Tengah"
"247","3322","Kabupaten Semarang","regency",\N,\N,\N,\N,\N,\N,"14",\N,\N,"Kemendagri","active",\N,\N,"ID","Kabupaten Semarang, Jawa Tengah"
"248","3323","Kabupaten Temanggung","regency",\N,\N,\N,\N,\N,\N,"14",\N,\N,"Kemendagri","active",\N,\N,"ID","Kabupaten Temanggung, Jawa Tengah"
"249","3324","Kabupaten Kendal","regency",\N,\N,\N,\N,\N,\N,"14",\N,\N,"Kemendagri","active",\N,\N,"ID","Kabupaten Kendal, Jawa Tengah"
"250","3325","Kabupaten Batang","regency",\N,\N,\N,\N,\N,\N,"14",\N,\N,"Kemendagri","active",\N,\N,"ID","Kabupaten Batang, Jawa Tengah"
"251","3326","Kabupaten Pekalongan","regency",\N,\N,\N,\N,\N,\N,"14",\N,\N,"Kemendagri","active",\N,\N,"ID","Kabupaten Pekalongan, Jawa Tengah"
"252","3327","Kabupaten Pemalang","regency",\N,\N,\N,\N,\N,\N,"14",\N,\N,"Kemendagri","active",\N,\N,"ID","Kabupaten Pemalang, Jawa Tengah"
"253","3328","Kabupaten Tegal","regency",\N,\N,\N,\N,\N,\N,"14",\N,\N,"Kemendagri","active",\N,\N,"ID","Kabupaten Tegal, Jawa Tengah"
"254","3329","Kabupaten Brebes","regency",\N,\N,\N,\N,\N,\N,"14",\N,\N,"Kemendagri","active",\N,\N,"ID","Kabupaten Brebes, Jawa Tengah"
"255","3371","Kota Magelang","city",\N,\N,\N,\N,\N,\N,"14",\N,\N,"Kemendagri","active",\N,\N,"ID","Kota Magelang, Jawa Tengah"
"256","3372","Kota Surakarta","city",\N,\N,\N,\N,\N,\N,"14",\N,\N,"Kemendagri","active",\N,\N,"ID","Kota Surakarta, Jawa Tengah"
"257","3373","Kota Salatiga","city",\N,\N,\N,\N,\N,\N,"14",\N,\N,"Kemendagri","active",\N,\N,"ID","Kota Salatiga, Jawa Tengah"
"258","3374","Kota Semarang","city",\N,\N,\N,\N,\N,\N,"14",\N,\N,"Kemendagri","active",\N,\N,"ID","Kota Semarang, Jawa Tengah"
"259","3375","Kota Pekalongan","city",\N,\N,\N,\N,\N,\N,"14",\N,\N,"Kemendagri","active",\N,\N,"ID","Kota Pekalongan, Jawa Tengah"
"260","3376","Kota Tegal","city",\N,\N,\N,\N,\N,\N,"14",\N,\N,"Kemendagri","active",\N,\N,"ID","Kota Tegal, Jawa Tengah"
"261","3401","Kabupaten Kulon Progo","regency",\N,\N,\N,\N,\N,\N,"15",\N,\N,"Kemendagri","active",\N,\N,"ID","Kabupaten Kulon Progo, Daerah Istimewa Yogyakarta"
"262","3402","Kabupaten Bantul","regency",\N,\N,\N,\N,\N,\N,"15",\N,\N,"Kemendagri","active",\N,\N,"ID","Kabupaten Bantul, Daerah Istimewa Yogyakarta"
"263","3403","Kabupaten Gunungkidul","regency",\N,\N,\N,\N,\N,\N,"15",\N,\N,"Kemendagri","active",\N,\N,"ID","Kabupaten Gunungkidul, Daerah Istimewa Yogyakarta"
"264","3404","Kabupaten Sleman","regency",\N,\N,\N,\N,\N,\N,"15",\N,\N,"Kemendagri","active",\N,\N,"ID","Kabupaten Sleman, Daerah Istimewa Yogyakarta"
"265","3471","Kota Yogyakarta","city",\N,\N,\N,\N,\N,\N,"15",\N,\N,"Kemendagri","active",\N,\N,"ID","Kota Yogyakarta, Daerah Istimewa Yogyakarta"
"266","3501","Kabupaten Pacitan","regency",\N,\N,\N,\N,\N,\N,"16",\N,\N,"Kemendagri","active",\N,\N,"ID","Kabupaten Pacitan, Jawa Timur"
"267","3502","Kabupaten Ponorogo","regency",\N,\N,\N,\N,\N,\N,"16",\N,\N,"Kemendagri","active",\N,\N,"ID","Kabupaten Ponorogo, Jawa Timur"
"268","3503","Kabupaten Trenggalek","regency",\N,\N,\N,\N,\N,\N,"16",\N,\N,"Kemendagri","active",\N,\N,"ID","Kabupaten Trenggalek, Jawa Timur"
"269","3504","Kabupaten Tulungagung","regency",\N,\N,\N,\N,\N,\N,"16",\N,\N,"Kemendagri","active",\N,\N,"ID","Kabupaten Tulungagung, Jawa Timur"
"270","3505","Kabupaten Blitar","regency",\N,\N,\N,\N,\N,\N,"16",\N,\N,"Kemendagri","active",\N,\N,"ID","Kabupaten Blitar, Jawa Timur"
"271","3506","Kabupaten Kediri","regency",\N,\N,\N,\N,\N,\N,"16",\N,\N,"Kemendagri","active",\N,\N,"ID","Kabupaten Kediri, Jawa Timur"
"272","3507","Kabupaten Malang","regency",\N,\N,\N,\N,\N,\N,"16",\N,\N,"Kemendagri","active",\N,\N,"ID","Kabupaten Malang, Jawa Timur"
"273","3508","Kabupaten Lumajang","regency",\N,\N,\N,\N,\N,\N,"16",\N,\N,"Kemendagri","active",\N,\N,"ID","Kabupaten Lumajang, Jawa Timur"
"274","3509","Kabupaten Jember","regency",\N,\N,\N,\N,\N,\N,"16",\N,\N,"Kemendagri","active",\N,\N,"ID","Kabupaten Jember, Jawa Timur"
"275","3510","Kabupaten Banyuwangi","regency",\N,\N,\N,\N,\N,\N,"16",\N,\N,"Kemendagri","active",\N,\N,"ID","Kabupaten Banyuwangi, Jawa Timur"
"276","3511","Kabupaten Bondowoso","regency",\N,\N,\N,\N,\N,\N,"16",\N,\N,"Kemendagri","active",\N,\N,"ID","Kabupaten Bondowoso, Jawa Timur"
"277","3512","Kabupaten Situbondo","regency",\N,\N,\N,\N,\N,\N,"16",\N,\N,"Kemendagri","active",\N,\N,"ID","Kabupaten Situbondo, Jawa Timur"
"278","3513","Kabupaten Probolinggo","regency",\N,\N,\N,\N,\N,\N,"16",\N,\N,"Kemendagri","active",\N,\N,"ID","Kabupaten Probolinggo, Jawa Timur"
"279","3514","Kabupaten Pasuruan","regency",\N,\N,\N,\N,\N,\N,"16",\N,\N,"Kemendagri","active",\N,\N,"ID","Kabupaten Pasuruan, Jawa Timur"
"280","3515","Kabupaten Sidoarjo","regency",\N,\N,\N,\N,\N,\N,"16",\N,\N,"Kemendagri","active",\N,\N,"ID","Kabupaten Sidoarjo, Jawa Timur"
"281","3516","Kabupaten Mojokerto","regency",\N,\N,\N,\N,\N,\N,"16",\N,\N,"Kemendagri","active",\N,\N,"ID","Kabupaten Mojokerto, Jawa Timur"
"282","3517","Kabupaten Jombang","regency",\N,\N,\N,\N,\N,\N,"16",\N,\N,"Kemendagri","active",\N,\N,"ID","Kabupaten Jombang, Jawa Timur"
"283","3518","Kabupaten Nganjuk","regency",\N,\N,\N,\N,\N,\N,"16",\N,\N,"Kemendagri","active",\N,\N,"ID","Kabupaten Nganjuk, Jawa Timur"
"284","3519","Kabupaten Madiun","regency",\N,\N,\N,\N,\N,\N,"16",\N,\N,"Kemendagri","active",\N,\N,"ID","Kabupaten Madiun, Jawa Timur"
"285","3520","Kabupaten Magetan","regency",\N,\N,\N,\N,\N,\N,"16",\N,\N,"Kemendagri","active",\N,\N,"ID","Kabupaten Magetan, Jawa Timur"
"286","3521","Kabupaten Ngawi","regency",\N,\N,\N,\N,\N,\N,"16",\N,\N,"Kemendagri","active",\N,\N,"ID","Kabupaten Ngawi, Jawa Timur"
"287","3522","Kabupaten Bojonegoro","regency",\N,\N,\N,\N,\N,\N,"16",\N,\N,"Kemendagri","active",\N,\N,"ID","Kabupaten Bojonegoro, Jawa Timur"
"288","3523","Kabupaten Tuban","regency",\N,\N,\N,\N,\N,\N,"16",\N,\N,"Kemendagri","active",\N,\N,"ID","Kabupaten Tuban, Jawa Timur"
"289","3524","Kabupaten Lamongan","regency",\N,\N,\N,\N,\N,\N,"16",\N,\N,"Kemendagri","active",\N,\N,"ID","Kabupaten Lamongan, Jawa Timur"
"290","3525","Kabupaten Gresik","regency",\N,\N,\N,\N,\N,\N,"16",\N,\N,"Kemendagri","active",\N,\N,"ID","Kabupaten Gresik, Jawa Timur"
"291","3526","Kabupaten Bangkalan","regency",\N,\N,\N,\N,\N,\N,"16",\N,\N,"Kemendagri","active",\N,\N,"ID","Kabupaten Bangkalan, Jawa Timur"
"292","3527","Kabupaten Sampang","regency",\N,\N,\N,\N,\N,\N,"16",\N,\N,"Kemendagri","active",\N,\N,"ID","Kabupaten Sampang, Jawa Timur"
"293","3528","Kabupaten Pamekasan","regency",\N,\N,\N,\N,\N,\N,"16",\N,\N,"Kemendagri","active",\N,\N,"ID","Kabupaten Pamekasan, Jawa Timur"
"294","3529","Kabupaten Sumenep","regency",\N,\N,\N,\N,\N,\N,"16",\N,\N,"Kemendagri","active",\N,\N,"ID","Kabupaten Sumenep, Jawa Timur"
"295","3571","Kota Kediri","city",\N,\N,\N,\N,\N,\N,"16",\N,\N,"Kemendagri","active",\N,\N,"ID","Kota Kediri, Jawa Timur"
"296","3572","Kota Blitar","city",\N,\N,\N,\N,\N,\N,"16",\N,\N,"Kemendagri","active",\N,\N,"ID","Kota Blitar, Jawa Timur"
"297","3573","Kota Malang","city",\N,\N,\N,\N,\N,\N,"16",\N,\N,"Kemendagri","active",\N,\N,"ID","Kota Malang, Jawa Timur"
"298","3574","Kota Probolinggo","city",\N,\N,\N,\N,\N,\N,"16",\N,\N,"Kemendagri","active",\N,\N,"ID","Kota Probolinggo, Jawa Timur"
"299","3575","Kota Pasuruan","city",\N,\N,\N,\N,\N,\N,"16",\N,\N,"Kemendagri","active",\N,\N,"ID","Kota Pasuruan, Jawa Timur"
"300","3576","Kota Mojokerto","city",\N,\N,\N,\N,\N,\N,"16",\N,\N,"Kemendagri","active",\N,\N,"ID","Kota Mojokerto, Jawa Timur"
"301","3577","Kota Madiun","city",\N,\N,\N,\N,\N,\N,"16",\N,\N,"Kemendagri","active",\N,\N,"ID","Kota Madiun, Jawa Timur"
"302","3578","Kota Surabaya","city",\N,\N,\N,\N,\N,\N,"16",\N,\N,"Kemendagri","active",\N,\N,"ID","Kota Surabaya, Jawa Timur"
"303","3579","Kota Batu","city",\N,\N,\N,\N,\N,\N,"16",\N,\N,"Kemendagri","active",\N,\N,"ID","Kota Batu, Jawa Timur"
"304","3601","Kabupaten Pandeglang","regency",\N,\N,\N,\N,\N,\N,"17",\N,\N,"Kemendagri","active",\N,\N,"ID","Kabupaten Pandeglang, Banten"
"305","3602","Kabupaten Lebak","regency",\N,\N,\N,\N,\N,\N,"17",\N,\N,"Kemendagri","active",\N,\N,"ID","Kabupaten Lebak, Banten"
"306","3603","Kabupaten Tangerang","regency",\N,\N,\N,\N,\N,\N,"17",\N,\N,"Kemendagri","active",\N,\N,"ID","Kabupaten Tangerang, Banten"
"307","3604","Kabupaten Serang","regency",\N,\N,\N,\N,\N,\N,"17",\N,\N,"Kemendagri","active",\N,\N,"ID","Kabupaten Serang, Banten"
"308","3671","Kota Tangerang","city",\N,\N,\N,\N,\N,\N,"17",\N,\N,"Kemendagri","active",\N,\N,"ID","Kota Tangerang, Banten"
"309","3672","Kota Cilegon","city",\N,\N,\N,\N,\N,\N,"17",\N,\N,"Kemendagri","active",\N,\N,"ID","Kota Cilegon, Banten"
"310","3673","Kota Serang","city",\N,\N,\N,\N,\N,\N,"17",\N,\N,"Kemendagri","active",\N,\N,"ID","Kota Serang, Banten"
"311","3674","Kota Tangerang Selatan","city",\N,\N,\N,\N,\N,\N,"17",\N,\N,"Kemendagri","active",\N,\N,"ID","Kota Tangerang Selatan, Banten"
"312","5101","Kabupaten Jembrana","regency",\N,\N,\N,\N,\N,\N,"18",\N,\N,"Kemendagri","active",\N,\N,"ID","Kabupaten Jembrana, Bali"
"313","5102","Kabupaten Tabanan","regency",\N,\N,\N,\N,\N,\N,"18",\N,\N,"Kemendagri","active",\N,\N,"ID","Kabupaten Tabanan, Bali"
"314","5103","Kabupaten Badung","regency",\N,\N,\N,\N,\N,\N,"18",\N,\N,"Kemendagri","active",\N,\N,"ID","Kabupaten Badung, Bali"
"315","5104","Kabupaten Gianyar","regency",\N,\N,\N,\N,\N,\N,"18",\N,\N,"Kemendagri","active",\N,\N,"ID","Kabupaten Gianyar, Bali"
"316","5105","Kabupaten Klungkung","regency",\N,\N,\N,\N,\N,\N,"18",\N,\N,"Kemendagri","active",\N,\N,"ID","Kabupaten Klungkung, Bali"
"317","5106","Kabupaten Bangli","regency",\N,\N,\N,\N,\N,\N,"18",\N,\N,"Kemendagri","active",\N,\N,"ID","Kabupaten Bangli, Bali"
"318","5107","Kabupaten Karangasem","regency",\N,\N,\N,\N,\N,\N,"18",\N,\N,"Kemendagri","active",\N,\N,"ID","Kabupaten Karangasem, Bali"
"319","5108","Kabupaten Buleleng","regency",\N,\N,\N,\N,\N,\N,"18",\N,\N,"Kemendagri","active",\N,\N,"ID","Kabupaten Buleleng, Bali"
"320","5171","Kota Denpasar","city",\N,\N,\N,\N,\N,\N,"18",\N,\N,"Kemendagri","active",\N,\N,"ID","Kota Denpasar, Bali"
"321","5201","Kabupaten Lombok Barat","regency",\N,\N,\N,\N,\N,\N,"19",\N,\N,"Kemendagri","active",\N,\N,"ID","Kabupaten Lombok Barat, Nusa Tenggara Barat"
"322","5202","Kabupaten Lombok Tengah","regency",\N,\N,\N,\N,\N,\N,"19",\N,\N,"Kemendagri","active",\N,\N,"ID","Kabupaten Lombok Tengah, Nusa Tenggara Barat"
"323","5203","Kabupaten Lombok Timur","regency",\N,\N,\N,\N,\N,\N,"19",\N,\N,"Kemendagri","active",\N,\N,"ID","Kabupaten Lombok Timur, Nusa Tenggara Barat"
"324","5204","Kabupaten Sumbawa","regency",\N,\N,\N,\N,\N,\N,"19",\N,\N,"Kemendagri","active",\N,\N,"ID","Kabupaten Sumbawa, Nusa Tenggara Barat"
"325","5205","Kabupaten Dompu","regency",\N,\N,\N,\N,\N,\N,"19",\N,\N,"Kemendagri","active",\N,\N,"ID","Kabupaten Dompu, Nusa Tenggara Barat"
"326","5206","Kabupaten Bima","regency",\N,\N,\N,\N,\N,\N,"19",\N,\N,"Kemendagri","active",\N,\N,"ID","Kabupaten Bima, Nusa Tenggara Barat"
"327","5207","Kabupaten Sumbawa Barat","regency",\N,\N,\N,\N,\N,\N,"19",\N,\N,"Kemendagri","active",\N,\N,"ID","Kabupaten Sumbawa Barat, Nusa Tenggara Barat"
"328","5208","Kabupaten Lombok Utara","regency",\N,\N,\N,\N,\N,\N,"19",\N,\N,"Kemendagri","active",\N,\N,"ID","Kabupaten Lombok Utara, Nusa Tenggara Barat"
"329","5271","Kota Mataram","city",\N,\N,\N,\N,\N,\N,"19",\N,\N,"Kemendagri","active",\N,\N,"ID","Kota Mataram, Nusa Tenggara Barat"
"330","5272","Kota Bima","city",\N,\N,\N,\N,\N,\N,"19",\N,\N,"Kemendagri","active",\N,\N,"ID","Kota Bima, Nusa Tenggara Barat"
"331","5301","Kabupaten Kupang","regency",\N,\N,\N,\N,\N,\N,"20",\N,\N,"Kemendagri","active",\N,\N,"ID","Kabupaten Kupang, Nusa Tenggara Timur"
"332","5302","Kab Timor Tengah Selatan","regency",\N,\N,\N,\N,\N,\N,"20",\N,\N,"Kemendagri","active",\N,\N,"ID","Kab Timor Tengah Selatan, Nusa Tenggara Timur"
"333","5303","Kabupaten Timor Tengah Utara","regency",\N,\N,\N,\N,\N,\N,"20",\N,\N,"Kemendagri","active",\N,\N,"ID","Kabupaten Timor Tengah Utara, Nusa Tenggara Timur"
"334","5304","Kabupaten Belu","regency",\N,\N,\N,\N,\N,\N,"20",\N,\N,"Kemendagri","active",\N,\N,"ID","Kabupaten Belu, Nusa Tenggara Timur"
"335","5305","Kabupaten Alor","regency",\N,\N,\N,\N,\N,\N,"20",\N,\N,"Kemendagri","active",\N,\N,"ID","Kabupaten Alor, Nusa Tenggara Timur"
"336","5306","Kabupaten Flores Timur","regency",\N,\N,\N,\N,\N,\N,"20",\N,\N,"Kemendagri","active",\N,\N,"ID","Kabupaten Flores Timur, Nusa Tenggara Timur"
"337","5307","Kabupaten Sikka","regency",\N,\N,\N,\N,\N,\N,"20",\N,\N,"Kemendagri","active",\N,\N,"ID","Kabupaten Sikka, Nusa Tenggara Timur"
"338","5308","Kabupaten Ende","regency",\N,\N,\N,\N,\N,\N,"20",\N,\N,"Kemendagri","active",\N,\N,"ID","Kabupaten Ende, Nusa Tenggara Timur"
"339","5309","Kabupaten Ngada","regency",\N,\N,\N,\N,\N,\N,"20",\N,\N,"Kemendagri","active",\N,\N,"ID","Kabupaten Ngada, Nusa Tenggara Timur"
"340","5310","Kabupaten Manggarai","regency",\N,\N,\N,\N,\N,\N,"20",\N,\N,"Kemendagri","active",\N,\N,"ID","Kabupaten Manggarai, Nusa Tenggara Timur"
"341","5311","Kabupaten Sumba Timur","regency",\N,\N,\N,\N,\N,\N,"20",\N,\N,"Kemendagri","active",\N,\N,"ID","Kabupaten Sumba Timur, Nusa Tenggara Timur"
"342","5312","Kabupaten Sumba Barat","regency",\N,\N,\N,\N,\N,\N,"20",\N,\N,"Kemendagri","active",\N,\N,"ID","Kabupaten Sumba Barat, Nusa Tenggara Timur"
"343","5313","Kabupaten Lembata","regency",\N,\N,\N,\N,\N,\N,"20",\N,\N,"Kemendagri","active",\N,\N,"ID","Kabupaten Lembata, Nusa Tenggara Timur"
"344","5314","Kabupaten Rote Ndao","regency",\N,\N,\N,\N,\N,\N,"20",\N,\N,"Kemendagri","active",\N,\N,"ID","Kabupaten Rote Ndao, Nusa Tenggara Timur"
"345","5315","Kabupaten Manggarai Barat","regency",\N,\N,\N,\N,\N,\N,"20",\N,\N,"Kemendagri","active",\N,\N,"ID","Kabupaten Manggarai Barat, Nusa Tenggara Timur"
"346","5316","Kabupaten Nagekeo","regency",\N,\N,\N,\N,\N,\N,"20",\N,\N,"Kemendagri","active",\N,\N,"ID","Kabupaten Nagekeo, Nusa Tenggara Timur"
"347","5317","Kabupaten Sumba Tengah","regency",\N,\N,\N,\N,\N,\N,"20",\N,\N,"Kemendagri","active",\N,\N,"ID","Kabupaten Sumba Tengah, Nusa Tenggara Timur"
"348","5318","Kabupaten Sumba Barat Daya","regency",\N,\N,\N,\N,\N,\N,"20",\N,\N,"Kemendagri","active",\N,\N,"ID","Kabupaten Sumba Barat Daya, Nusa Tenggara Timur"
"349","5319","Kabupaten Manggarai Timur","regency",\N,\N,\N,\N,\N,\N,"20",\N,\N,"Kemendagri","active",\N,\N,"ID","Kabupaten Manggarai Timur, Nusa Tenggara Timur"
"350","5320","Kabupaten Sabu Raijua","regency",\N,\N,\N,\N,\N,\N,"20",\N,\N,"Kemendagri","active",\N,\N,"ID","Kabupaten Sabu Raijua, Nusa Tenggara Timur"
"351","5321","Kabupaten Malaka","regency",\N,\N,\N,\N,\N,\N,"20",\N,\N,"Kemendagri","active",\N,\N,"ID","Kabupaten Malaka, Nusa Tenggara Timur"
"352","5371","Kota Kupang","city",\N,\N,\N,\N,\N,\N,"20",\N,\N,"Kemendagri","active",\N,\N,"ID","Kota Kupang, Nusa Tenggara Timur"
"353","6101","Kabupaten Sambas","regency",\N,\N,\N,\N,\N,\N,"21",\N,\N,"Kemendagri","active",\N,\N,"ID","Kabupaten Sambas, Kalimantan Barat"
"354","6102","Kabupaten Mempawah","regency",\N,\N,\N,\N,\N,\N,"21",\N,\N,"Kemendagri","active",\N,\N,"ID","Kabupaten Mempawah, Kalimantan Barat"
"355","6103","Kabupaten Sanggau","regency",\N,\N,\N,\N,\N,\N,"21",\N,\N,"Kemendagri","active",\N,\N,"ID","Kabupaten Sanggau, Kalimantan Barat"
"356","6104","Kabupaten Ketapang","regency",\N,\N,\N,\N,\N,\N,"21",\N,\N,"Kemendagri","active",\N,\N,"ID","Kabupaten Ketapang, Kalimantan Barat"
"357","6105","Kabupaten Sintang","regency",\N,\N,\N,\N,\N,\N,"21",\N,\N,"Kemendagri","active",\N,\N,"ID","Kabupaten Sintang, Kalimantan Barat"
"358","6106","Kabupaten Kapuas Hulu","regency",\N,\N,\N,\N,\N,\N,"21",\N,\N,"Kemendagri","active",\N,\N,"ID","Kabupaten Kapuas Hulu, Kalimantan Barat"
"359","6107","Kabupaten Bengkayang","regency",\N,\N,\N,\N,\N,\N,"21",\N,\N,"Kemendagri","active",\N,\N,"ID","Kabupaten Bengkayang, Kalimantan Barat"
"360","6108","Kabupaten Landak","regency",\N,\N,\N,\N,\N,\N,"21",\N,\N,"Kemendagri","active",\N,\N,"ID","Kabupaten Landak, Kalimantan Barat"
"361","6109","Kabupaten Sekadau","regency",\N,\N,\N,\N,\N,\N,"21",\N,\N,"Kemendagri","active",\N,\N,"ID","Kabupaten Sekadau, Kalimantan Barat"
"362","6110","Kabupaten Melawi","regency",\N,\N,\N,\N,\N,\N,"21",\N,\N,"Kemendagri","active",\N,\N,"ID","Kabupaten Melawi, Kalimantan Barat"
"363","6111","Kabupaten Kayong Utara","regency",\N,\N,\N,\N,\N,\N,"21",\N,\N,"Kemendagri","active",\N,\N,"ID","Kabupaten Kayong Utara, Kalimantan Barat"
"364","6112","Kabupaten Kubu Raya","regency",\N,\N,\N,\N,\N,\N,"21",\N,\N,"Kemendagri","active",\N,\N,"ID","Kabupaten Kubu Raya, Kalimantan Barat"
"365","6171","Kota Pontianak","city",\N,\N,\N,\N,\N,\N,"21",\N,\N,"Kemendagri","active",\N,\N,"ID","Kota Pontianak, Kalimantan Barat"
"366","6172","Kota Singkawang","city",\N,\N,\N,\N,\N,\N,"21",\N,\N,"Kemendagri","active",\N,\N,"ID","Kota Singkawang, Kalimantan Barat"
"367","6201","Kabupaten Kotawaringin Barat","regency",\N,\N,\N,\N,\N,\N,"22",\N,\N,"Kemendagri","active",\N,\N,"ID","Kabupaten Kotawaringin Barat, Kalimantan Tengah"
"368","6202","Kabupaten Kotawaringin Timur","regency",\N,\N,\N,\N,\N,\N,"22",\N,\N,"Kemendagri","active",\N,\N,"ID","Kabupaten Kotawaringin Timur, Kalimantan Tengah"
"369","6203","Kabupaten Kapuas","regency",\N,\N,\N,\N,\N,\N,"22",\N,\N,"Kemendagri","active",\N,\N,"ID","Kabupaten Kapuas, Kalimantan Tengah"
"370","6204","Kabupaten Barito Selatan","regency",\N,\N,\N,\N,\N,\N,"22",\N,\N,"Kemendagri","active",\N,\N,"ID","Kabupaten Barito Selatan, Kalimantan Tengah"
"371","6205","Kabupaten Barito Utara","regency",\N,\N,\N,\N,\N,\N,"22",\N,\N,"Kemendagri","active",\N,\N,"ID","Kabupaten Barito Utara, Kalimantan Tengah"
"372","6206","Kabupaten Katingan","regency",\N,\N,\N,\N,\N,\N,"22",\N,\N,"Kemendagri","active",\N,\N,"ID","Kabupaten Katingan, Kalimantan Tengah"
"373","6207","Kabupaten Seruyan","regency",\N,\N,\N,\N,\N,\N,"22",\N,\N,"Kemendagri","active",\N,\N,"ID","Kabupaten Seruyan, Kalimantan Tengah"
"374","6208","Kabupaten Sukamara","regency",\N,\N,\N,\N,\N,\N,"22",\N,\N,"Kemendagri","active",\N,\N,"ID","Kabupaten Sukamara, Kalimantan Tengah"
"375","6209","Kabupaten Lamandau","regency",\N,\N,\N,\N,\N,\N,"22",\N,\N,"Kemendagri","active",\N,\N,"ID","Kabupaten Lamandau, Kalimantan Tengah"
"376","6210","Kabupaten Gunung Mas","regency",\N,\N,\N,\N,\N,\N,"22",\N,\N,"Kemendagri","active",\N,\N,"ID","Kabupaten Gunung Mas, Kalimantan Tengah"
"377","6211","Kabupaten Pulang Pisau","regency",\N,\N,\N,\N,\N,\N,"22",\N,\N,"Kemendagri","active",\N,\N,"ID","Kabupaten Pulang Pisau, Kalimantan Tengah"
"378","6212","Kabupaten Murung Raya","regency",\N,\N,\N,\N,\N,\N,"22",\N,\N,"Kemendagri","active",\N,\N,"ID","Kabupaten Murung Raya, Kalimantan Tengah"
"379","6213","Kabupaten Barito Timur","regency",\N,\N,\N,\N,\N,\N,"22",\N,\N,"Kemendagri","active",\N,\N,"ID","Kabupaten Barito Timur, Kalimantan Tengah"
"380","6271","Kota Palangkaraya","city",\N,\N,\N,\N,\N,\N,"22",\N,\N,"Kemendagri","active",\N,\N,"ID","Kota Palangkaraya, Kalimantan Tengah"
"381","6301","Kabupaten Tanah Laut","regency",\N,\N,\N,\N,\N,\N,"23",\N,\N,"Kemendagri","active",\N,\N,"ID","Kabupaten Tanah Laut, Kalimantan Selatan"
"382","6302","Kabupaten Kotabaru","regency",\N,\N,\N,\N,\N,\N,"23",\N,\N,"Kemendagri","active",\N,\N,"ID","Kabupaten Kotabaru, Kalimantan Selatan"
"383","6303","Kabupaten Banjar","regency",\N,\N,\N,\N,\N,\N,"23",\N,\N,"Kemendagri","active",\N,\N,"ID","Kabupaten Banjar, Kalimantan Selatan"
"384","6304","Kabupaten Barito Kuala","regency",\N,\N,\N,\N,\N,\N,"23",\N,\N,"Kemendagri","active",\N,\N,"ID","Kabupaten Barito Kuala, Kalimantan Selatan"
"385","6305","Kabupaten Tapin","regency",\N,\N,\N,\N,\N,\N,"23",\N,\N,"Kemendagri","active",\N,\N,"ID","Kabupaten Tapin, Kalimantan Selatan"
"386","6306","Kabupaten Hulu Sungai Selatan","regency",\N,\N,\N,\N,\N,\N,"23",\N,\N,"Kemendagri","active",\N,\N,"ID","Kabupaten Hulu Sungai Selatan, Kalimantan Selatan"
"387","6307","Kabupaten Hulu Sungai Tengah","regency",\N,\N,\N,\N,\N,\N,"23",\N,\N,"Kemendagri","active",\N,\N,"ID","Kabupaten Hulu Sungai Tengah, Kalimantan Selatan"
"388","6308","Kabupaten Hulu Sungai Utara","regency",\N,\N,\N,\N,\N,\N,"23",\N,\N,"Kemendagri","active",\N,\N,"ID","Kabupaten Hulu Sungai Utara, Kalimantan Selatan"
"389","6309","Kabupaten Tabalong","regency",\N,\N,\N,\N,\N,\N,"23",\N,\N,"Kemendagri","active",\N,\N,"ID","Kabupaten Tabalong, Kalimantan Selatan"
"390","6310","Kabupaten Tanah Bumbu","regency",\N,\N,\N,\N,\N,\N,"23",\N,\N,"Kemendagri","active",\N,\N,"ID","Kabupaten Tanah Bumbu, Kalimantan Selatan"
"391","6311","Kabupaten Balangan","regency",\N,\N,\N,\N,\N,\N,"23",\N,\N,"Kemendagri","active",\N,\N,"ID","Kabupaten Balangan, Kalimantan Selatan"
"392","6371","Kota Banjarmasin","city",\N,\N,\N,\N,\N,\N,"23",\N,\N,"Kemendagri","active",\N,\N,"ID","Kota Banjarmasin, Kalimantan Selatan"
"393","6372","Kota Banjarbaru","city",\N,\N,\N,\N,\N,\N,"23",\N,\N,"Kemendagri","active",\N,\N,"ID","Kota Banjarbaru, Kalimantan Selatan"
"394","6401","Kabupaten Paser","regency",\N,\N,\N,\N,\N,\N,"24",\N,\N,"Kemendagri","active",\N,\N,"ID","Kabupaten Paser, Kalimantan Timur"
"395","6402","Kabupaten Kutai Kartanegara","regency",\N,\N,\N,\N,\N,\N,"24",\N,\N,"Kemendagri","active",\N,\N,"ID","Kabupaten Kutai Kartanegara, Kalimantan Timur"
"396","6403","Kabupaten Berau","regency",\N,\N,\N,\N,\N,\N,"24",\N,\N,"Kemendagri","active",\N,\N,"ID","Kabupaten Berau, Kalimantan Timur"
"397","6407","Kabupaten Kutai Barat","regency",\N,\N,\N,\N,\N,\N,"24",\N,\N,"Kemendagri","active",\N,\N,"ID","Kabupaten Kutai Barat, Kalimantan Timur"
"398","6408","Kabupaten Kutai Timur","regency",\N,\N,\N,\N,\N,\N,"24",\N,\N,"Kemendagri","active",\N,\N,"ID","Kabupaten Kutai Timur, Kalimantan Timur"
"399","6409","Kabupaten Penajam Paser Utara","regency",\N,\N,\N,\N,\N,\N,"24",\N,\N,"Kemendagri","active",\N,\N,"ID","Kabupaten Penajam Paser Utara, Kalimantan Timur"
"400","6411","Kabupaten Mahakam Ulu","regency",\N,\N,\N,\N,\N,\N,"24",\N,\N,"Kemendagri","active",\N,\N,"ID","Kabupaten Mahakam Ulu, Kalimantan Timur"
"401","6471","Kota Balikpapan","city",\N,\N,\N,\N,\N,\N,"24",\N,\N,"Kemendagri","active",\N,\N,"ID","Kota Balikpapan, Kalimantan Timur"
"402","6472","Kota Samarinda","city",\N,\N,\N,\N,\N,\N,"24",\N,\N,"Kemendagri","active",\N,\N,"ID","Kota Samarinda, Kalimantan Timur"
"403","6474","Kota Bontang","city",\N,\N,\N,\N,\N,\N,"24",\N,\N,"Kemendagri","active",\N,\N,"ID","Kota Bontang, Kalimantan Timur"
"404","6501","Kabupaten Bulungan","regency",\N,\N,\N,\N,\N,\N,"25",\N,\N,"Kemendagri","active",\N,\N,"ID","Kabupaten Bulungan, Kalimantan Utara"
"405","6502","Kabupaten Malinau","regency",\N,\N,\N,\N,\N,\N,"25",\N,\N,"Kemendagri","active",\N,\N,"ID","Kabupaten Malinau, Kalimantan Utara"
"406","6503","Kabupaten Nunukan","regency",\N,\N,\N,\N,\N,\N,"25",\N,\N,"Kemendagri","active",\N,\N,"ID","Kabupaten Nunukan, Kalimantan Utara"
"407","6504","Kabupaten Tana Tidung","regency",\N,\N,\N,\N,\N,\N,"25",\N,\N,"Kemendagri","active",\N,\N,"ID","Kabupaten Tana Tidung, Kalimantan Utara"
"408","6571","Kota Tarakan","city",\N,\N,\N,\N,\N,\N,"25",\N,\N,"Kemendagri","active",\N,\N,"ID","Kota Tarakan, Kalimantan Utara"
"409","7101","Kabupaten Bolaang Mongondow","regency",\N,\N,\N,\N,\N,\N,"26",\N,\N,"Kemendagri","active",\N,\N,"ID","Kabupaten Bolaang Mongondow, Sulawesi Utara"
"410","7102","Kabupaten Minahasa","regency",\N,\N,\N,\N,\N,\N,"26",\N,\N,"Kemendagri","active",\N,\N,"ID","Kabupaten Minahasa, Sulawesi Utara"
"411","7103","Kabupaten Kepulauan Sangihe","regency",\N,\N,\N,\N,\N,\N,"26",\N,\N,"Kemendagri","active",\N,\N,"ID","Kabupaten Kepulauan Sangihe, Sulawesi Utara"
"412","7104","Kabupaten Kepulauan Talaud","regency",\N,\N,\N,\N,\N,\N,"26",\N,\N,"Kemendagri","active",\N,\N,"ID","Kabupaten Kepulauan Talaud, Sulawesi Utara"
"413","7105","Kabupaten Minahasa Selatan","regency",\N,\N,\N,\N,\N,\N,"26",\N,\N,"Kemendagri","active",\N,\N,"ID","Kabupaten Minahasa Selatan, Sulawesi Utara"
"414","7106","Kabupaten Minahasa Utara","regency",\N,\N,\N,\N,\N,\N,"26",\N,\N,"Kemendagri","active",\N,\N,"ID","Kabupaten Minahasa Utara, Sulawesi Utara"
"415","7107","Kabupaten Minahasa Tenggara","regency",\N,\N,\N,\N,\N,\N,"26",\N,\N,"Kemendagri","active",\N,\N,"ID","Kabupaten Minahasa Tenggara, Sulawesi Utara"
"416","7108","Kabupaten Bolaang Mongondow Utara","regency",\N,\N,\N,\N,\N,\N,"26",\N,\N,"Kemendagri","active",\N,\N,"ID","Kabupaten Bolaang Mongondow Utara, Sulawesi Utara"
"417","7109","Kabupaten Kep. Siau Tagulandang Biaro","regency",\N,\N,\N,\N,\N,\N,"26",\N,\N,"Kemendagri","active",\N,\N,"ID","Kabupaten Kep. Siau Tagulandang Biaro, Sulawesi Utara"
"418","7110","Kabupaten Bolaang Mongondow Timur","regency",\N,\N,\N,\N,\N,\N,"26",\N,\N,"Kemendagri","active",\N,\N,"ID","Kabupaten Bolaang Mongondow Timur, Sulawesi Utara"
"419","7111","Kabupaten Bolaang Mongondow Selatan","regency",\N,\N,\N,\N,\N,\N,"26",\N,\N,"Kemendagri","active",\N,\N,"ID","Kabupaten Bolaang Mongondow Selatan, Sulawesi Utara"
"420","7171","Kota Manado","city",\N,\N,\N,\N,\N,\N,"26",\N,\N,"Kemendagri","active",\N,\N,"ID","Kota Manado, Sulawesi Utara"
"421","7172","Kota Bitung","city",\N,\N,\N,\N,\N,\N,"26",\N,\N,"Kemendagri","active",\N,\N,"ID","Kota Bitung, Sulawesi Utara"
"422","7173","Kota Tomohon","city",\N,\N,\N,\N,\N,\N,"26",\N,\N,"Kemendagri","active",\N,\N,"ID","Kota Tomohon, Sulawesi Utara"
"423","7174","Kota Kotamobagu","city",\N,\N,\N,\N,\N,\N,"26",\N,\N,"Kemendagri","active",\N,\N,"ID","Kota Kotamobagu, Sulawesi Utara"
"424","7201","Kabupaten Banggai","regency",\N,\N,\N,\N,\N,\N,"27",\N,\N,"Kemendagri","active",\N,\N,"ID","Kabupaten Banggai, Sulawesi Tengah"
"425","7202","Kabupaten Poso","regency",\N,\N,\N,\N,\N,\N,"27",\N,\N,"Kemendagri","active",\N,\N,"ID","Kabupaten Poso, Sulawesi Tengah"
"426","7203","Kabupaten Donggala","regency",\N,\N,\N,\N,\N,\N,"27",\N,\N,"Kemendagri","active",\N,\N,"ID","Kabupaten Donggala, Sulawesi Tengah"
"427","7204","Kabupaten Toli Toli","regency",\N,\N,\N,\N,\N,\N,"27",\N,\N,"Kemendagri","active",\N,\N,"ID","Kabupaten Toli Toli, Sulawesi Tengah"
"428","7205","Kabupaten Buol","regency",\N,\N,\N,\N,\N,\N,"27",\N,\N,"Kemendagri","active",\N,\N,"ID","Kabupaten Buol, Sulawesi Tengah"
"429","7206","Kabupaten Morowali","regency",\N,\N,\N,\N,\N,\N,"27",\N,\N,"Kemendagri","active",\N,\N,"ID","Kabupaten Morowali, Sulawesi Tengah"
"430","7207","Kabupaten Banggai Kepulauan","regency",\N,\N,\N,\N,\N,\N,"27",\N,\N,"Kemendagri","active",\N,\N,"ID","Kabupaten Banggai Kepulauan, Sulawesi Tengah"
"431","7208","Kabupaten Parigi Moutong","regency",\N,\N,\N,\N,\N,\N,"27",\N,\N,"Kemendagri","active",\N,\N,"ID","Kabupaten Parigi Moutong, Sulawesi Tengah"
"432","7209","Kabupaten Tojo Una Una","regency",\N,\N,\N,\N,\N,\N,"27",\N,\N,"Kemendagri","active",\N,\N,"ID","Kabupaten Tojo Una Una, Sulawesi Tengah"
"433","7210","Kabupaten Sigi","regency",\N,\N,\N,\N,\N,\N,"27",\N,\N,"Kemendagri","active",\N,\N,"ID","Kabupaten Sigi, Sulawesi Tengah"
"434","7211","Kabupaten Banggai Laut","regency",\N,\N,\N,\N,\N,\N,"27",\N,\N,"Kemendagri","active",\N,\N,"ID","Kabupaten Banggai Laut, Sulawesi Tengah"
"435","7212","Kabupaten Morowali Utara","regency",\N,\N,\N,\N,\N,\N,"27",\N,\N,"Kemendagri","active",\N,\N,"ID","Kabupaten Morowali Utara, Sulawesi Tengah"
"436","7271","Kota Palu","city",\N,\N,\N,\N,\N,\N,"27",\N,\N,"Kemendagri","active",\N,\N,"ID","Kota Palu, Sulawesi Tengah"
"437","7301","Kabupaten Kepulauan Selayar","regency",\N,\N,\N,\N,\N,\N,"28",\N,\N,"Kemendagri","active",\N,\N,"ID","Kabupaten Kepulauan Selayar, Sulawesi Selatan"
"438","7302","Kabupaten Bulukumba","regency",\N,\N,\N,\N,\N,\N,"28",\N,\N,"Kemendagri","active",\N,\N,"ID","Kabupaten Bulukumba, Sulawesi Selatan"
"439","7303","Kabupaten Bantaeng","regency",\N,\N,\N,\N,\N,\N,"28",\N,\N,"Kemendagri","active",\N,\N,"ID","Kabupaten Bantaeng, Sulawesi Selatan"
"440","7304","Kabupaten Jeneponto","regency",\N,\N,\N,\N,\N,\N,"28",\N,\N,"Kemendagri","active",\N,\N,"ID","Kabupaten Jeneponto, Sulawesi Selatan"
"441","7305","Kabupaten Takalar","regency",\N,\N,\N,\N,\N,\N,"28",\N,\N,"Kemendagri","active",\N,\N,"ID","Kabupaten Takalar, Sulawesi Selatan"
"442","7306","Kabupaten Gowa","regency",\N,\N,\N,\N,\N,\N,"28",\N,\N,"Kemendagri","active",\N,\N,"ID","Kabupaten Gowa, Sulawesi Selatan"
"443","7307","Kabupaten Sinjai","regency",\N,\N,\N,\N,\N,\N,"28",\N,\N,"Kemendagri","active",\N,\N,"ID","Kabupaten Sinjai, Sulawesi Selatan"
"444","7308","Kabupaten Bone","regency",\N,\N,\N,\N,\N,\N,"28",\N,\N,"Kemendagri","active",\N,\N,"ID","Kabupaten Bone, Sulawesi Selatan"
"445","7309","Kabupaten Maros","regency",\N,\N,\N,\N,\N,\N,"28",\N,\N,"Kemendagri","active",\N,\N,"ID","Kabupaten Maros, Sulawesi Selatan"
"446","7310","Kabupaten Pangkajene Kepulauan","regency",\N,\N,\N,\N,\N,\N,"28",\N,\N,"Kemendagri","active",\N,\N,"ID","Kabupaten Pangkajene Kepulauan, Sulawesi Selatan"
"447","7311","Kabupaten Barru","regency",\N,\N,\N,\N,\N,\N,"28",\N,\N,"Kemendagri","active",\N,\N,"ID","Kabupaten Barru, Sulawesi Selatan"
"448","7312","Kabupaten Soppeng","regency",\N,\N,\N,\N,\N,\N,"28",\N,\N,"Kemendagri","active",\N,\N,"ID","Kabupaten Soppeng, Sulawesi Selatan"
"449","7313","Kabupaten Wajo","regency",\N,\N,\N,\N,\N,\N,"28",\N,\N,"Kemendagri","active",\N,\N,"ID","Kabupaten Wajo, Sulawesi Selatan"
"450","7314","Kabupaten Sidenreng Rappang","regency",\N,\N,\N,\N,\N,\N,"28",\N,\N,"Kemendagri","active",\N,\N,"ID","Kabupaten Sidenreng Rappang, Sulawesi Selatan"
"451","7315","Kabupaten Pinrang","regency",\N,\N,\N,\N,\N,\N,"28",\N,\N,"Kemendagri","active",\N,\N,"ID","Kabupaten Pinrang, Sulawesi Selatan"
"452","7316","Kabupaten Enrekang","regency",\N,\N,\N,\N,\N,\N,"28",\N,\N,"Kemendagri","active",\N,\N,"ID","Kabupaten Enrekang, Sulawesi Selatan"
"453","7317","Kabupaten Luwu","regency",\N,\N,\N,\N,\N,\N,"28",\N,\N,"Kemendagri","active",\N,\N,"ID","Kabupaten Luwu, Sulawesi Selatan"
"454","7318","Kabupaten Tana Toraja","regency",\N,\N,\N,\N,\N,\N,"28",\N,\N,"Kemendagri","active",\N,\N,"ID","Kabupaten Tana Toraja, Sulawesi Selatan"
"455","7322","Kabupaten Luwu Utara","regency",\N,\N,\N,\N,\N,\N,"28",\N,\N,"Kemendagri","active",\N,\N,"ID","Kabupaten Luwu Utara, Sulawesi Selatan"
"456","7324","Kabupaten Luwu Timur","regency",\N,\N,\N,\N,\N,\N,"28",\N,\N,"Kemendagri","active",\N,\N,"ID","Kabupaten Luwu Timur, Sulawesi Selatan"
"457","7326","Kabupaten Toraja Utara","regency",\N,\N,\N,\N,\N,\N,"28",\N,\N,"Kemendagri","active",\N,\N,"ID","Kabupaten Toraja Utara, Sulawesi Selatan"
"458","7371","Kota Makassar","city",\N,\N,\N,\N,\N,\N,"28",\N,\N,"Kemendagri","active",\N,\N,"ID","Kota Makassar, Sulawesi Selatan"
"459","7372","Kota Pare Pare","city",\N,\N,\N,\N,\N,\N,"28",\N,\N,"Kemendagri","active",\N,\N,"ID","Kota Pare Pare, Sulawesi Selatan"
"460","7373","Kota Palopo","city",\N,\N,\N,\N,\N,\N,"28",\N,\N,"Kemendagri","active",\N,\N,"ID","Kota Palopo, Sulawesi Selatan"
"461","7401","Kabupaten Kolaka","regency",\N,\N,\N,\N,\N,\N,"29",\N,\N,"Kemendagri","active",\N,\N,"ID","Kabupaten Kolaka, Sulawesi Tenggara"
"462","7402","Kabupaten Konawe","regency",\N,\N,\N,\N,\N,\N,"29",\N,\N,"Kemendagri","active",\N,\N,"ID","Kabupaten Konawe, Sulawesi Tenggara"
"463","7403","Kabupaten Muna","regency",\N,\N,\N,\N,\N,\N,"29",\N,\N,"Kemendagri","active",\N,\N,"ID","Kabupaten Muna, Sulawesi Tenggara"
"464","7404","Kabupaten Buton","regency",\N,\N,\N,\N,\N,\N,"29",\N,\N,"Kemendagri","active",\N,\N,"ID","Kabupaten Buton, Sulawesi Tenggara"
"465","7405","Kabupaten Konawe Selatan","regency",\N,\N,\N,\N,\N,\N,"29",\N,\N,"Kemendagri","active",\N,\N,"ID","Kabupaten Konawe Selatan, Sulawesi Tenggara"
"466","7406","Kabupaten Bombana","regency",\N,\N,\N,\N,\N,\N,"29",\N,\N,"Kemendagri","active",\N,\N,"ID","Kabupaten Bombana, Sulawesi Tenggara"
"467","7407","Kabupaten Wakatobi","regency",\N,\N,\N,\N,\N,\N,"29",\N,\N,"Kemendagri","active",\N,\N,"ID","Kabupaten Wakatobi, Sulawesi Tenggara"
"468","7408","Kabupaten Kolaka Utara","regency",\N,\N,\N,\N,\N,\N,"29",\N,\N,"Kemendagri","active",\N,\N,"ID","Kabupaten Kolaka Utara, Sulawesi Tenggara"
"469","7409","Kabupaten Konawe Utara","regency",\N,\N,\N,\N,\N,\N,"29",\N,\N,"Kemendagri","active",\N,\N,"ID","Kabupaten Konawe Utara, Sulawesi Tenggara"
"470","7410","Kabupaten Buton Utara","regency",\N,\N,\N,\N,\N,\N,"29",\N,\N,"Kemendagri","active",\N,\N,"ID","Kabupaten Buton Utara, Sulawesi Tenggara"
"471","7411","Kabupaten Kolaka Timur","regency",\N,\N,\N,\N,\N,\N,"29",\N,\N,"Kemendagri","active",\N,\N,"ID","Kabupaten Kolaka Timur, Sulawesi Tenggara"
"472","7412","Kabupaten Konawe Kepulauan","regency",\N,\N,\N,\N,\N,\N,"29",\N,\N,"Kemendagri","active",\N,\N,"ID","Kabupaten Konawe Kepulauan, Sulawesi Tenggara"
"473","7413","Kabupaten Muna Barat","regency",\N,\N,\N,\N,\N,\N,"29",\N,\N,"Kemendagri","active",\N,\N,"ID","Kabupaten Muna Barat, Sulawesi Tenggara"
"474","7414","Kabupaten Buton Tengah","regency",\N,\N,\N,\N,\N,\N,"29",\N,\N,"Kemendagri","active",\N,\N,"ID","Kabupaten Buton Tengah, Sulawesi Tenggara"
"475","7415","Kabupaten Buton Selatan","regency",\N,\N,\N,\N,\N,\N,"29",\N,\N,"Kemendagri","active",\N,\N,"ID","Kabupaten Buton Selatan, Sulawesi Tenggara"
"476","7471","Kota Kendari","city",\N,\N,\N,\N,\N,\N,"29",\N,\N,"Kemendagri","active",\N,\N,"ID","Kota Kendari, Sulawesi Tenggara"
"477","7472","Kota Bau Bau","city",\N,\N,\N,\N,\N,\N,"29",\N,\N,"Kemendagri","active",\N,\N,"ID","Kota Bau Bau, Sulawesi Tenggara"
"478","7501","Kabupaten Gorontalo","regency",\N,\N,\N,\N,\N,\N,"30",\N,\N,"Kemendagri","active",\N,\N,"ID","Kabupaten Gorontalo, Gorontalo"
"479","7502","Kabupaten Boalemo","regency",\N,\N,\N,\N,\N,\N,"30",\N,\N,"Kemendagri","active",\N,\N,"ID","Kabupaten Boalemo, Gorontalo"
"480","7503","Kabupaten Bone Bolango","regency",\N,\N,\N,\N,\N,\N,"30",\N,\N,"Kemendagri","active",\N,\N,"ID","Kabupaten Bone Bolango, Gorontalo"
"481","7504","Kabupaten Pohuwato","regency",\N,\N,\N,\N,\N,\N,"30",\N,\N,"Kemendagri","active",\N,\N,"ID","Kabupaten Pohuwato, Gorontalo"
"482","7505","Kabupaten Gorontalo Utara","regency",\N,\N,\N,\N,\N,\N,"30",\N,\N,"Kemendagri","active",\N,\N,"ID","Kabupaten Gorontalo Utara, Gorontalo"
"483","7571","Kota Gorontalo","city",\N,\N,\N,\N,\N,\N,"30",\N,\N,"Kemendagri","active",\N,\N,"ID","Kota Gorontalo, Gorontalo"
"484","7601","Kabupaten Pasangkayu","regency",\N,\N,\N,\N,\N,\N,"31",\N,\N,"Kemendagri","active",\N,\N,"ID","Kabupaten Pasangkayu, Sulawesi Barat"
"485","7602","Kabupaten Mamuju","regency",\N,\N,\N,\N,\N,\N,"31",\N,\N,"Kemendagri","active",\N,\N,"ID","Kabupaten Mamuju, Sulawesi Barat"
"486","7603","Kabupaten Mamasa","regency",\N,\N,\N,\N,\N,\N,"31",\N,\N,"Kemendagri","active",\N,\N,"ID","Kabupaten Mamasa, Sulawesi Barat"
"487","7604","Kabupaten Polewali Mandar","regency",\N,\N,\N,\N,\N,\N,"31",\N,\N,"Kemendagri","active",\N,\N,"ID","Kabupaten Polewali Mandar, Sulawesi Barat"
"488","7605","Kabupaten Majene","regency",\N,\N,\N,\N,\N,\N,"31",\N,\N,"Kemendagri","active",\N,\N,"ID","Kabupaten Majene, Sulawesi Barat"
"489","7606","Kabupaten Mamuju Tengah","regency",\N,\N,\N,\N,\N,\N,"31",\N,\N,"Kemendagri","active",\N,\N,"ID","Kabupaten Mamuju Tengah, Sulawesi Barat"
"490","8101","Kabupaten Maluku Tengah","regency",\N,\N,\N,\N,\N,\N,"32",\N,\N,"Kemendagri","active",\N,\N,"ID","Kabupaten Maluku Tengah, Maluku"
"491","8102","Kabupaten Maluku Tenggara","regency",\N,\N,\N,\N,\N,\N,"32",\N,\N,"Kemendagri","active",\N,\N,"ID","Kabupaten Maluku Tenggara, Maluku"
"492","8103","Kabupaten Kepulauan Tanimbar","regency",\N,\N,\N,\N,\N,\N,"32",\N,\N,"Kemendagri","active",\N,\N,"ID","Kabupaten Kepulauan Tanimbar, Maluku"
"493","8104","Kabupaten Buru","regency",\N,\N,\N,\N,\N,\N,"32",\N,\N,"Kemendagri","active",\N,\N,"ID","Kabupaten Buru, Maluku"
"494","8105","Kabupaten Seram Bagian Timur","regency",\N,\N,\N,\N,\N,\N,"32",\N,\N,"Kemendagri","active",\N,\N,"ID","Kabupaten Seram Bagian Timur, Maluku"
"495","8106","Kabupaten Seram Bagian Barat","regency",\N,\N,\N,\N,\N,\N,"32",\N,\N,"Kemendagri","active",\N,\N,"ID","Kabupaten Seram Bagian Barat, Maluku"
"496","8107","Kabupaten Kepulauan Aru","regency",\N,\N,\N,\N,\N,\N,"32",\N,\N,"Kemendagri","active",\N,\N,"ID","Kabupaten Kepulauan Aru, Maluku"
"497","8108","Kabupaten Maluku Barat Daya","regency",\N,\N,\N,\N,\N,\N,"32",\N,\N,"Kemendagri","active",\N,\N,"ID","Kabupaten Maluku Barat Daya, Maluku"
"498","8109","Kabupaten Buru Selatan","regency",\N,\N,\N,\N,\N,\N,"32",\N,\N,"Kemendagri","active",\N,\N,"ID","Kabupaten Buru Selatan, Maluku"
"499","8171","Kota Ambon","city",\N,\N,\N,\N,\N,\N,"32",\N,\N,"Kemendagri","active",\N,\N,"ID","Kota Ambon, Maluku"
"500","8172","Kota Tual","city",\N,\N,\N,\N,\N,\N,"32",\N,\N,"Kemendagri","active",\N,\N,"ID","Kota Tual, Maluku"
"501","8201","Kabupaten Halmahera Barat","regency",\N,\N,\N,\N,\N,\N,"33",\N,\N,"Kemendagri","active",\N,\N,"ID","Kabupaten Halmahera Barat, Maluku Utara"
"502","8202","Kabupaten Halmahera Tengah","regency",\N,\N,\N,\N,\N,\N,"33",\N,\N,"Kemendagri","active",\N,\N,"ID","Kabupaten Halmahera Tengah, Maluku Utara"
"503","8203","Kabupaten Halmahera Utara","regency",\N,\N,\N,\N,\N,\N,"33",\N,\N,"Kemendagri","active",\N,\N,"ID","Kabupaten Halmahera Utara, Maluku Utara"
"504","8204","Kabupaten Halmahera Selatan","regency",\N,\N,\N,\N,\N,\N,"33",\N,\N,"Kemendagri","active",\N,\N,"ID","Kabupaten Halmahera Selatan, Maluku Utara"
"505","8205","Kabupaten Kepulauan Sula","regency",\N,\N,\N,\N,\N,\N,"33",\N,\N,"Kemendagri","active",\N,\N,"ID","Kabupaten Kepulauan Sula, Maluku Utara"
"506","8206","Kabupaten Halmahera Timur","regency",\N,\N,\N,\N,\N,\N,"33",\N,\N,"Kemendagri","active",\N,\N,"ID","Kabupaten Halmahera Timur, Maluku Utara"
"507","8207","Kabupaten Pulau Morotai","regency",\N,\N,\N,\N,\N,\N,"33",\N,\N,"Kemendagri","active",\N,\N,"ID","Kabupaten Pulau Morotai, Maluku Utara"
"508","8208","Kabupaten Pulau Taliabu","regency",\N,\N,\N,\N,\N,\N,"33",\N,\N,"Kemendagri","active",\N,\N,"ID","Kabupaten Pulau Taliabu, Maluku Utara"
"509","8271","Kota Ternate","city",\N,\N,\N,\N,\N,\N,"33",\N,\N,"Kemendagri","active",\N,\N,"ID","Kota Ternate, Maluku Utara"
"510","8272","Kota Tidore Kepulauan","city",\N,\N,\N,\N,\N,\N,"33",\N,\N,"Kemendagri","active",\N,\N,"ID","Kota Tidore Kepulauan, Maluku Utara"
"511","9103","Kabupaten Jayapura","regency",\N,\N,\N,\N,\N,\N,"34",\N,\N,"Kemendagri","active",\N,\N,"ID","Kabupaten Jayapura, Papua"
"512","9105","Kabupaten Kepulauan Yapen","regency",\N,\N,\N,\N,\N,\N,"34",\N,\N,"Kemendagri","active",\N,\N,"ID","Kabupaten Kepulauan Yapen, Papua"
"513","9106","Kabupaten Biak Numfor","regency",\N,\N,\N,\N,\N,\N,"34",\N,\N,"Kemendagri","active",\N,\N,"ID","Kabupaten Biak Numfor, Papua"
"514","9110","Kabupaten Sarmi","regency",\N,\N,\N,\N,\N,\N,"34",\N,\N,"Kemendagri","active",\N,\N,"ID","Kabupaten Sarmi, Papua"
"515","9111","Kabupaten Keerom","regency",\N,\N,\N,\N,\N,\N,"34",\N,\N,"Kemendagri","active",\N,\N,"ID","Kabupaten Keerom, Papua"
"516","9115","Kabupaten Waropen","regency",\N,\N,\N,\N,\N,\N,"34",\N,\N,"Kemendagri","active",\N,\N,"ID","Kabupaten Waropen, Papua"
"517","9119","Kabupaten Supiori","regency",\N,\N,\N,\N,\N,\N,"34",\N,\N,"Kemendagri","active",\N,\N,"ID","Kabupaten Supiori, Papua"
"518","9120","Kabupaten Mamberamo Raya","regency",\N,\N,\N,\N,\N,\N,"34",\N,\N,"Kemendagri","active",\N,\N,"ID","Kabupaten Mamberamo Raya, Papua"
"519","9171","Kota Jayapura","city",\N,\N,\N,\N,\N,\N,"34",\N,\N,"Kemendagri","active",\N,\N,"ID","Kota Jayapura, Papua"
"520","9201","Kabupaten Sorong","regency",\N,\N,\N,\N,\N,\N,"35",\N,\N,"Kemendagri","active",\N,\N,"ID","Kabupaten Sorong, Papua Barat"
"521","9202","Kabupaten Manokwari","regency",\N,\N,\N,\N,\N,\N,"35",\N,\N,"Kemendagri","active",\N,\N,"ID","Kabupaten Manokwari, Papua Barat"
"522","9203","Kabupaten Fak Fak","regency",\N,\N,\N,\N,\N,\N,"35",\N,\N,"Kemendagri","active",\N,\N,"ID","Kabupaten Fak Fak, Papua Barat"
"523","9204","Kabupaten Sorong Selatan","regency",\N,\N,\N,\N,\N,\N,"35",\N,\N,"Kemendagri","active",\N,\N,"ID","Kabupaten Sorong Selatan, Papua Barat"
"524","9205","Kabupaten Raja Ampat","regency",\N,\N,\N,\N,\N,\N,"35",\N,\N,"Kemendagri","active",\N,\N,"ID","Kabupaten Raja Ampat, Papua Barat"
"525","9206","Kabupaten Teluk Bintuni","regency",\N,\N,\N,\N,\N,\N,"35",\N,\N,"Kemendagri","active",\N,\N,"ID","Kabupaten Teluk Bintuni, Papua Barat"
"526","9207","Kabupaten Teluk Wondama","regency",\N,\N,\N,\N,\N,\N,"35",\N,\N,"Kemendagri","active",\N,\N,"ID","Kabupaten Teluk Wondama, Papua Barat"
"527","9208","Kabupaten Kaimana","regency",\N,\N,\N,\N,\N,\N,"35",\N,\N,"Kemendagri","active",\N,\N,"ID","Kabupaten Kaimana, Papua Barat"
"528","9209","Kabupaten Tambrauw","regency",\N,\N,\N,\N,\N,\N,"35",\N,\N,"Kemendagri","active",\N,\N,"ID","Kabupaten Tambrauw, Papua Barat"
"529","9210","Kabupaten Maybrat","regency",\N,\N,\N,\N,\N,\N,"35",\N,\N,"Kemendagri","active",\N,\N,"ID","Kabupaten Maybrat, Papua Barat"
"530","9211","Kabupaten Manokwari Selatan","regency",\N,\N,\N,\N,\N,\N,"35",\N,\N,"Kemendagri","active",\N,\N,"ID","Kabupaten Manokwari Selatan, Papua Barat"
"531","9212","Kabupaten Pegunungan Arfak","regency",\N,\N,\N,\N,\N,\N,"35",\N,\N,"Kemendagri","active",\N,\N,"ID","Kabupaten Pegunungan Arfak, Papua Barat"
"532","9271","Kota Sorong","city",\N,\N,\N,\N,\N,\N,"35",\N,\N,"Kemendagri","active",\N,\N,"ID","Kota Sorong, Papua Barat"
"533","9301","Kabupaten Merauke","regency",\N,\N,\N,\N,\N,\N,"36",\N,\N,"Kemendagri","active",\N,\N,"ID","Kabupaten Merauke, Papua Selatan"
"534","9302","Kabupaten Boven Digoel","regency",\N,\N,\N,\N,\N,\N,"36",\N,\N,"Kemendagri","active",\N,\N,"ID","Kabupaten Boven Digoel, Papua Selatan"
"535","9303","Kabupaten Mappi","regency",\N,\N,\N,\N,\N,\N,"36",\N,\N,"Kemendagri","active",\N,\N,"ID","Kabupaten Mappi, Papua Selatan"
"536","9304","Kabupaten Asmat","regency",\N,\N,\N,\N,\N,\N,"36",\N,\N,"Kemendagri","active",\N,\N,"ID","Kabupaten Asmat, Papua Selatan"
"537","9401","Kabupaten Nabire","regency",\N,\N,\N,\N,\N,\N,"37",\N,\N,"Kemendagri","active",\N,\N,"ID","Kabupaten Nabire, Papua Tengah"
"538","9402","Kabupaten Puncak Jaya","regency",\N,\N,\N,\N,\N,\N,"37",\N,\N,"Kemendagri","active",\N,\N,"ID","Kabupaten Puncak Jaya, Papua Tengah"
"539","9403","Kabupaten Paniai","regency",\N,\N,\N,\N,\N,\N,"37",\N,\N,"Kemendagri","active",\N,\N,"ID","Kabupaten Paniai, Papua Tengah"
"540","9404","Kabupaten Mimika","regency",\N,\N,\N,\N,\N,\N,"37",\N,\N,"Kemendagri","active",\N,\N,"ID","Kabupaten Mimika, Papua Tengah"
"541","9405","Kabupaten Puncak","regency",\N,\N,\N,\N,\N,\N,"37",\N,\N,"Kemendagri","active",\N,\N,"ID","Kabupaten Puncak, Papua Tengah"
"542","9406","Kabupaten Dogiyai","regency",\N,\N,\N,\N,\N,\N,"37",\N,\N,"Kemendagri","active",\N,\N,"ID","Kabupaten Dogiyai, Papua Tengah"
"543","9407","Kabupaten Intan Jaya","regency",\N,\N,\N,\N,\N,\N,"37",\N,\N,"Kemendagri","active",\N,\N,"ID","Kabupaten Intan Jaya, Papua Tengah"
"544","9408","Kabupaten Deiyai","regency",\N,\N,\N,\N,\N,\N,"37",\N,\N,"Kemendagri","active",\N,\N,"ID","Kabupaten Deiyai, Papua Tengah"
"545","9501","Kabupaten Jayawijaya","regency",\N,\N,\N,\N,\N,\N,"38",\N,\N,"Kemendagri","active",\N,\N,"ID","Kabupaten Jayawijaya, Papua Pegunungan"
"546","9502","Kabupaten Pegunungan Bintang","regency",\N,\N,\N,\N,\N,\N,"38",\N,\N,"Kemendagri","active",\N,\N,"ID","Kabupaten Pegunungan Bintang, Papua Pegunungan"
"547","9503","Kabupaten Yahukimo","regency",\N,\N,\N,\N,\N,\N,"38",\N,\N,"Kemendagri","active",\N,\N,"ID","Kabupaten Yahukimo, Papua Pegunungan"
"548","9504","Kabupaten Tolikara","regency",\N,\N,\N,\N,\N,\N,"38",\N,\N,"Kemendagri","active",\N,\N,"ID","Kabupaten Tolikara, Papua Pegunungan"
"549","9505","Kabupaten Mamberamo Tengah","regency",\N,\N,\N,\N,\N,\N,"38",\N,\N,"Kemendagri","active",\N,\N,"ID","Kabupaten Mamberamo Tengah, Papua Pegunungan"
"550","9506","Kabupaten Yalimo","regency",\N,\N,\N,\N,\N,\N,"38",\N,\N,"Kemendagri","active",\N,\N,"ID","Kabupaten Yalimo, Papua Pegunungan"
"551","9507","Kabupaten Lanny Jaya","regency",\N,\N,\N,\N,\N,\N,"38",\N,\N,"Kemendagri","active",\N,\N,"ID","Kabupaten Lanny Jaya, Papua Pegunungan"
"552","9508","Kabupaten Nduga","regency",\N,\N,\N,\N,\N,\N,"38",\N,\N,"Kemendagri","active",\N,\N,"ID","Kabupaten Nduga, Papua Pegunungan"
"91591","DPS","Denpasar I Gusti Ngurah Rai International Airport","airport",\N,\N,"DPS",\N,"-8.7484090","115.1671230","1",\N,\N,"OurAirports","active",\N,\N,"ID","Denpasar I Gusti Ngurah Rai International Airport"
"91592","CGK","Soekarno-Hatta International Airport","airport",\N,\N,"CGK",\N,"-6.1255700","106.6559980","1",\N,\N,"OurAirports","active",\N,\N,"ID","Soekarno-Hatta International Airport"
"91593","SUB","Juanda International Airport","airport",\N,\N,"SUB",\N,"-7.3798300","112.7870030","1",\N,\N,"OurAirports","active",\N,\N,"ID","Juanda International Airport"
"91594","JOG","Adisutjipto Airport","airport",\N,\N,"JOG",\N,"-7.7881800","110.4319990","1",\N,\N,"OurAirports","active",\N,\N,"ID","Adisutjipto Airport"
"91595","LOP","Lombok International Airport","airport",\N,\N,"LOP",\N,"-8.7599620","116.2781690","1",\N,\N,"OurAirports","active",\N,\N,"ID","Lombok International Airport"
"91596","HLP","Halim Perdanakusuma International Airport","airport",\N,\N,"HLP",\N,"-6.2666101","106.8909988","1",\N,\N,"OurAirports","active",\N,\N,"ID","Halim Perdanakusuma International Airport"
"91597","UPG","Hasanuddin International Airport","airport",\N,\N,"UPG",\N,"-5.0616300","119.5540010","1",\N,\N,"OurAirports","active",\N,\N,"ID","Hasanuddin International Airport"
"91598","KNO","Kualanamu International Airport","airport",\N,\N,"KNO",\N,"3.6378470","98.8705660","1",\N,\N,"OurAirports","active",\N,\N,"ID","Kualanamu International Airport"
"91599","MES","Soewondo Air Force Base","airport",\N,\N,"MES",\N,"3.5584250","98.6722750","1",\N,\N,"OurAirports","active",\N,\N,"ID","Soewondo Air Force Base"
"91600","MDC","Sam Ratulangi Airport","airport",\N,\N,"MDC",\N,"1.5492660","124.9263190","1",\N,\N,"OurAirports","active",\N,\N,"ID","Sam Ratulangi Airport"
"91601","DJJ","Dortheys Hiyo Eluay International Airport","airport",\N,\N,"DJJ",\N,"-2.5796270","140.5198570","1",\N,\N,"OurAirports","active",\N,\N,"ID","Dortheys Hiyo Eluay International Airport"
"91602","SOC","Adisumarmo Airport","airport",\N,\N,"SOC",\N,"-7.5160440","110.7574920","1",\N,\N,"OurAirports","active",\N,\N,"ID","Adisumarmo Airport"
"91603","BDO","Husein Sastranegara International Airport","airport",\N,\N,"BDO",\N,"-6.9006300","107.5759960","1",\N,\N,"OurAirports","active",\N,\N,"ID","Husein Sastranegara International Airport"
"91604","PLM","Sultan Mahmud Badaruddin II Airport","airport",\N,\N,"PLM",\N,"-2.8976530","104.6981470","1",\N,\N,"OurAirports","active",\N,\N,"ID","Sultan Mahmud Badaruddin II Airport"
"91605","SRG","Achmad Yani Airport","airport",\N,\N,"SRG",\N,"-6.9707320","110.3732440","1",\N,\N,"OurAirports","active",\N,\N,"ID","Achmad Yani Airport"
"91606","BPN","Sultan Aji Muhammad Sulaiman Sepinggan International Airport","airport",\N,\N,"BPN",\N,"-1.2683420","116.8945200","1",\N,\N,"OurAirports","active",\N,\N,"ID","Sultan Aji Muhammad Sulaiman Sepinggan International Airport"
"91607","BTJ","Sultan Iskandar Muda International Airport","airport",\N,\N,"BTJ",\N,"5.5250870","95.4199700","1",\N,\N,"OurAirports","active",\N,\N,"ID","Sultan Iskandar Muda International Airport"
"91608","BTH","Hang Nadim International Airport","airport",\N,\N,"BTH",\N,"1.1210300","104.1190030","1",\N,\N,"OurAirports","active",\N,\N,"ID","Hang Nadim International Airport"
"91609","WMX","Wamena Airport","airport",\N,\N,"WMX",\N,"-4.0973240","138.9524170","1",\N,\N,"OurAirports","active",\N,\N,"ID","Wamena Airport"
"91610","LBJ","Komodo Airport","airport",\N,\N,"LBJ",\N,"-8.4806940","119.8883060","1",\N,\N,"OurAirports","active",\N,\N,"ID","Komodo Airport"
"91611","PDG","Minangkabau International Airport","airport",\N,\N,"PDG",\N,"-0.7869170","100.2809980","1",\N,\N,"OurAirports","active",\N,\N,"ID","Minangkabau International Airport"
"91612","PKU","Sultan Syarif Kasim II International Airport / Roesmin Nurjadin AFB","airport",\N,\N,"PKU",\N,"0.4586470","101.4443210","1",\N,\N,"OurAirports","active",\N,\N,"ID","Sultan Syarif Kasim II International Airport / Roesmin Nurjadin AFB"
"91613","AMQ","Pattimura International Airport","airport",\N,\N,"AMQ",\N,"-3.7102600","128.0890050","1",\N,\N,"OurAirports","active",\N,\N,"ID","Pattimura International Airport"
"91614","BIK","Frans Kaisiepo Airport","airport",\N,\N,"BIK",\N,"-1.1900200","136.1080020","1",\N,\N,"OurAirports","active",\N,\N,"ID","Frans Kaisiepo Airport"
"91615","KOE","El Tari Airport","airport",\N,\N,"KOE",\N,"-10.1716000","123.6709980","1",\N,\N,"OurAirports","active",\N,\N,"ID","El Tari Airport"
"91616","PNK","Supadio Airport","airport",\N,\N,"PNK",\N,"-0.1507110","109.4039990","1",\N,\N,"OurAirports","active",\N,\N,"ID","Supadio Airport"
"91617","BDJ","Syamsudin Noor International Airport","airport",\N,\N,"BDJ",\N,"-3.4423600","114.7630000","1",\N,\N,"OurAirports","active",\N,\N,"ID","Syamsudin Noor International Airport"
"91618","SOQ","Domine Eduard Osok Airport","airport",\N,\N,"SOQ",\N,"-0.8940000","131.2870000","1",\N,\N,"OurAirports","active",\N,\N,"ID","Domine Eduard Osok Airport"
"91619","TIM","Mozes Kilangin Airport","airport",\N,\N,"TIM",\N,"-4.5297800","136.8873880","1",\N,\N,"OurAirports","active",\N,\N,"ID","Mozes Kilangin Airport"
"91620","MLG","Abdul Rachman Saleh Airport","airport",\N,\N,"MLG",\N,"-7.9290990","112.7142330","1",\N,\N,"OurAirports","active",\N,\N,"ID","Abdul Rachman Saleh Airport"
"91621","MKW","Rendani Airport","airport",\N,\N,"MKW",\N,"-0.8918330","134.0489960","1",\N,\N,"OurAirports","active",\N,\N,"ID","Rendani Airport"
"91622","TTE","Sultan Babullah Airport","airport",\N,\N,"TTE",\N,"0.8310120","127.3816110","1",\N,\N,"OurAirports","active",\N,\N,"ID","Sultan Babullah Airport"
"91623","CXP","Tunggul Wulung Airport","airport",\N,\N,"CXP",\N,"-7.6450600","109.0339970","1",\N,\N,"OurAirports","active",\N,\N,"ID","Tunggul Wulung Airport"
"91624","TKG","Radin Inten II International Airport","airport",\N,\N,"TKG",\N,"-5.2468030","105.1825310","1",\N,\N,"OurAirports","active",\N,\N,"ID","Radin Inten II International Airport"
"91625","TJQ","H A S Hanandjoeddin International Airport","airport",\N,\N,"TJQ",\N,"-2.7441090","107.7545350","1",\N,\N,"OurAirports","active",\N,\N,"ID","H A S Hanandjoeddin International Airport"
"91626","MKQ","Mopah International Airport","airport",\N,\N,"MKQ",\N,"-8.5238980","140.4196930","1",\N,\N,"OurAirports","active",\N,\N,"ID","Mopah International Airport"
"91627","GNS","Binaka Airport","airport",\N,\N,"GNS",\N,"1.1662800","97.7043270","1",\N,\N,"OurAirports","active",\N,\N,"ID","Binaka Airport"
"91628","PKY","Tjilik Riwut Airport","airport",\N,\N,"PKY",\N,"-2.2271460","113.9433880","1",\N,\N,"OurAirports","active",\N,\N,"ID","Tjilik Riwut Airport"
"91629","DJB","Sultan Thaha Airport","airport",\N,\N,"DJB",\N,"-1.6386850","103.6450630","1",\N,\N,"OurAirports","active",\N,\N,"ID","Sultan Thaha Airport"
"91630","PKN","Iskandar Airport","airport",\N,\N,"PKN",\N,"-2.7052000","111.6729970","1",\N,\N,"OurAirports","active",\N,\N,"ID","Iskandar Airport"
"91631","KTG","Rahadi Osman Airport","airport",\N,\N,"KTG",\N,"-1.8171650","109.9634690","1",\N,\N,"OurAirports","active",\N,\N,"ID","Rahadi Osman Airport"
"91632","PLW","Mutiara - SIS Al-Jufrie Airport","airport",\N,\N,"PLW",\N,"-0.9164620","119.9086470","1",\N,\N,"OurAirports","active",\N,\N,"ID","Mutiara - SIS Al-Jufrie Airport"
"91633","OKL","Oksibil Airport","airport",\N,\N,"OKL",\N,"-4.9071000","140.6277000","1",\N,\N,"OurAirports","active",\N,\N,"ID","Oksibil Airport"
"91634","PGK","Depati Amir Airport","airport",\N,\N,"PGK",\N,"-2.1622000","106.1390000","1",\N,\N,"OurAirports","active",\N,\N,"ID","Depati Amir Airport"
"91635","TRK","Juwata International Airport / Suharnoko Harbani AFB","airport",\N,\N,"TRK",\N,"3.3251450","117.5641690","1",\N,\N,"OurAirports","active",\N,\N,"ID","Juwata International Airport / Suharnoko Harbani AFB"
"91636","YIA","Yogyakarta International Airport","airport",\N,\N,"YIA",\N,"-7.9053380","110.0572640","1",\N,\N,"OurAirports","active",\N,\N,"ID","Yogyakarta International Airport"
"91637","MOF","Frans Xavier Seda Airport","airport",\N,\N,"MOF",\N,"-8.6395140","122.2381350","1",\N,\N,"OurAirports","active",\N,\N,"ID","Frans Xavier Seda Airport"
"91641","AAP","Aji Pangeran Tumenggung Pranoto International Airport","airport",\N,\N,"AAP",\N,"-0.3744780","117.2501280","1",\N,\N,"OurAirports","active",\N,\N,"ID","Aji Pangeran Tumenggung Pranoto International Airport"
"91642","LUW","Syukuran Aminuddin Amir Airport","airport",\N,\N,"LUW",\N,"-1.0358930","122.7739340","1",\N,\N,"OurAirports","active",\N,\N,"ID","Syukuran Aminuddin Amir Airport"
"91643","ENE","H. Hasan Aroeboesman (Ende) Airport","airport",\N,\N,"ENE",\N,"-8.8491140","121.6610100","1",\N,\N,"OurAirports","active",\N,\N,"ID","H. Hasan Aroeboesman (Ende) Airport"
"91644","KDI","Haluoleo Airport","airport",\N,\N,"KDI",\N,"-4.0816100","122.4179990","1",\N,\N,"OurAirports","active",\N,\N,"ID","Haluoleo Airport"
"91645","TMC","Tambolaka Airport","airport",\N,\N,"TMC",\N,"-9.4092240","119.2425580","1",\N,\N,"OurAirports","active",\N,\N,"ID","Tambolaka Airport"
"91646","SWQ","Sultan Muhammad Kaharuddin III Airport","airport",\N,\N,"SWQ",\N,"-8.4890400","117.4120030","1",\N,\N,"OurAirports","active",\N,\N,"ID","Sultan Muhammad Kaharuddin III Airport"
"91647","TNJ","Raja Haji Fisabilillah International Airport","airport",\N,\N,"TNJ",\N,"0.9239700","104.5334100","1",\N,\N,"OurAirports","active",\N,\N,"ID","Raja Haji Fisabilillah International Airport"
"91648","DEX","Nop Goliat Dekai Airport","airport",\N,\N,"DEX",\N,"-4.8557000","139.4820060","1",\N,\N,"OurAirports","active",\N,\N,"ID","Nop Goliat Dekai Airport"
"91649","PCB","Pondok Cabe Air Base","airport",\N,\N,"PCB",\N,"-6.3369598","106.7649994","1",\N,\N,"OurAirports","active",\N,\N,"ID","Pondok Cabe Air Base"
"91650","KBF","Karubaga Airport","airport",\N,\N,"KBF",\N,"-3.6846150","138.4790180","1",\N,\N,"OurAirports","active",\N,\N,"ID","Karubaga Airport"
"91652","LLJ","Silampari Airport","airport",\N,\N,"LLJ",\N,"-3.2881650","102.9144900","1",\N,\N,"OurAirports","active",\N,\N,"ID","Silampari Airport"
"91653","DHX","Dhoho International Airport","airport",\N,\N,"DHX",\N,"-7.7502780","111.9472220","1",\N,\N,"OurAirports","active",\N,\N,"ID","Dhoho International Airport"
"91654","BKS","Fatmawati Soekarno Airport","airport",\N,\N,"BKS",\N,"-3.8637000","102.3389970","1",\N,\N,"OurAirports","active",\N,\N,"ID","Fatmawati Soekarno Airport"
"91655","FKQ","Fakfak Airport","airport",\N,\N,"FKQ",\N,"-2.9205080","132.2670110","1",\N,\N,"OurAirports","active",\N,\N,"ID","Fakfak Airport"
"91656","KNG","Utarom Airport","airport",\N,\N,"KNG",\N,"-3.6446000","133.6951160","1",\N,\N,"OurAirports","active",\N,\N,"ID","Utarom Airport"
"91658","DUM","Pinang Kampai Airport","airport",\N,\N,"DUM",\N,"1.6091140","101.4334920","1",\N,\N,"OurAirports","active",\N,\N,"ID","Pinang Kampai Airport"
"91659","NAH","Naha Airport","airport",\N,\N,"NAH",\N,"3.6847800","125.5271620","1",\N,\N,"OurAirports","active",\N,\N,"ID","Naha Airport"
"91660","KJT","Kertajati International Airport","airport",\N,\N,"KJT",\N,"-6.6473840","108.1655610","1",\N,\N,"OurAirports","active",\N,\N,"ID","Kertajati International Airport"
"91661","MEQ","Cut Nyak Dhien Airport","airport",\N,\N,"MEQ",\N,"4.0409980","96.2533120","1",\N,\N,"OurAirports","active",\N,\N,"ID","Cut Nyak Dhien Airport"
"91662","AEG","Aek Godang Airport","airport",\N,\N,"AEG",\N,"1.4001000","99.4304960","1",\N,\N,"OurAirports","active",\N,\N,"ID","Aek Godang Airport"
"91663","BEJ","Kalimarau Airport","airport",\N,\N,"BEJ",\N,"2.1477600","117.4307050","1",\N,\N,"OurAirports","active",\N,\N,"ID","Kalimarau Airport"
"91664","RGT","Japura Airport","airport",\N,\N,"RGT",\N,"-0.3528080","102.3349990","1",\N,\N,"OurAirports","active",\N,\N,"ID","Japura Airport"
"91665","BUI","Bokondini Airport","airport",\N,\N,"BUI",\N,"-3.6845500","138.6774370","1",\N,\N,"OurAirports","active",\N,\N,"ID","Bokondini Airport"
"91666","GTO","Jalaluddin Airport","airport",\N,\N,"GTO",\N,"0.6371190","122.8499980","1",\N,\N,"OurAirports","active",\N,\N,"ID","Jalaluddin Airport"
"91667","ARD","Alor Island - Mali Airport","airport",\N,\N,"ARD",\N,"-8.1323400","124.5970000","1",\N,\N,"OurAirports","active",\N,\N,"ID","Alor Island - Mali Airport"
"91668","LSW","Malikus Saleh Airport","airport",\N,\N,"LSW",\N,"5.2266800","96.9503020","1",\N,\N,"OurAirports","active",\N,\N,"ID","Malikus Saleh Airport"
"91669","SBG","Maimun Saleh Airport","airport",\N,\N,"SBG",\N,"5.8746680","95.3396700","1",\N,\N,"OurAirports","active",\N,\N,"ID","Maimun Saleh Airport"
"91670","SMQ","Sampit (Hasan) Airport","airport",\N,\N,"SMQ",\N,"-2.4991980","112.9749870","1",\N,\N,"OurAirports","active",\N,\N,"ID","Sampit (Hasan) Airport"
"91671","CJN","Nusawiru Airport","airport",\N,\N,"CJN",\N,"-7.7198950","108.4889950","1",\N,\N,"OurAirports","active",\N,\N,"ID","Nusawiru Airport"
"91673","FOO","Kornasoren Airport","airport",\N,\N,"FOO",\N,"-0.9357450","134.8722920","1",\N,\N,"OurAirports","active",\N,\N,"ID","Kornasoren Airport"
"91674","BWX","Banyuwangi Airport","airport",\N,\N,"BWX",\N,"-8.3101500","114.3401000","1",\N,\N,"OurAirports","active",\N,\N,"ID","Banyuwangi Airport"
"91675","DTB","Silangit Airport","airport",\N,\N,"DTB",\N,"2.2597300","98.9918980","1",\N,\N,"OurAirports","active",\N,\N,"ID","Silangit Airport"
"91676","LKA","Larantuka Gewayentana Airport","airport",\N,\N,"LKA",\N,"-8.2744240","123.0020000","1",\N,\N,"OurAirports","active",\N,\N,"ID","Larantuka Gewayentana Airport"
"91678","EWI","Enarotali Airport","airport",\N,\N,"EWI",\N,"-3.9257390","136.3786340","1",\N,\N,"OurAirports","active",\N,\N,"ID","Enarotali Airport"
"91679","IUL","Ilu Airport","airport",\N,\N,"IUL",\N,"-3.7051000","138.2002000","1",\N,\N,"OurAirports","active",\N,\N,"ID","Ilu Airport"
"91682","LII","Mulia Airport","airport",\N,\N,"LII",\N,"-3.7019380","137.9570000","1",\N,\N,"OurAirports","active",\N,\N,"ID","Mulia Airport"
"91683","ZRM","Mararena Sarmi Airport","airport",\N,\N,"ZRM",\N,"-1.8730770","138.7532750","1",\N,\N,"OurAirports","active",\N,\N,"ID","Mararena Sarmi Airport"
"91684","BJW","Bajawa Soa (Turelelo) Airport","airport",\N,\N,"BJW",\N,"-8.7077700","121.0582430","1",\N,\N,"OurAirports","active",\N,\N,"ID","Bajawa Soa (Turelelo) Airport"
"91685","TSY","Cibeureum Airport","airport",\N,\N,"TSY",\N,"-7.3466000","108.2460020","1",\N,\N,"OurAirports","active",\N,\N,"ID","Cibeureum Airport"
"91686","TMY","Tiom Airport","airport",\N,\N,"TMY",\N,"-3.9256000","138.4555000","1",\N,\N,"OurAirports","active",\N,\N,"ID","Tiom Airport"
"91687","TQQ","Maranggo Airport","airport",\N,\N,"TQQ",\N,"-5.7645700","123.9170000","1",\N,\N,"OurAirports","active",\N,\N,"ID","Maranggo Airport"
"91688","PSU","Pangsuma Airport","airport",\N,\N,"PSU",\N,"0.8345790","112.9402170","1",\N,\N,"OurAirports","active",\N,\N,"ID","Pangsuma Airport"
"91689","PDO","Pendopo Airport","airport",\N,\N,"PDO",\N,"-3.2860701","103.8799973","1",\N,\N,"OurAirports","active",\N,\N,"ID","Pendopo Airport"
"91690","KXB","Sangia Nibandera Airport","airport",\N,\N,"KXB",\N,"-4.3381580","121.5240470","1",\N,\N,"OurAirports","active",\N,\N,"ID","Sangia Nibandera Airport"
"91691","LUV","Karel Sadsuitubun Airport","airport",\N,\N,"LUV",\N,"-5.7602780","132.7594440","1",\N,\N,"OurAirports","active",\N,\N,"ID","Karel Sadsuitubun Airport"
"91692","NAM","Namniwel Airport","airport",\N,\N,"NAM",\N,"-3.1431590","126.9764690","1",\N,\N,"OurAirports","active",\N,\N,"ID","Namniwel Airport"
"91693","NPO","Nanga Pinoh Airport","airport",\N,\N,"NPO",\N,"-0.3486400","111.7461550","1",\N,\N,"OurAirports","active",\N,\N,"ID","Nanga Pinoh Airport"
"91694","FLZ","Dr. Ferdinand Lumban Tobing Airport","airport",\N,\N,"FLZ",\N,"1.5571270","98.8871450","1",\N,\N,"OurAirports","active",\N,\N,"ID","Dr. Ferdinand Lumban Tobing Airport"
"91695","SQG","Tebelian Airport","airport",\N,\N,"SQG",\N,"-0.0452140","111.4580490","1",\N,\N,"OurAirports","active",\N,\N,"ID","Tebelian Airport"
"91696","TXE","Rembele Airport","airport",\N,\N,"TXE",\N,"4.7211300","96.8519430","1",\N,\N,"OurAirports","active",\N,\N,"ID","Rembele Airport"
"91697","TMH","Tanah Merah Airport","airport",\N,\N,"TMH",\N,"-6.0966900","140.3035210","1",\N,\N,"OurAirports","active",\N,\N,"ID","Tanah Merah Airport"
"91698","TJG","Warukin Airport","airport",\N,\N,"TJG",\N,"-2.2165600","115.4359970","1",\N,\N,"OurAirports","active",\N,\N,"ID","Warukin Airport"
"91699","WNI","Matahora Airport","airport",\N,\N,"WNI",\N,"-5.2939960","123.6340000","1",\N,\N,"OurAirports","active",\N,\N,"ID","Matahora Airport"
"91700","BXB","Babo Airport","airport",\N,\N,"BXB",\N,"-2.5322400","133.4389950","1",\N,\N,"OurAirports","active",\N,\N,"ID","Babo Airport"
"91701","PSJ","Kasiguncu Airport","airport",\N,\N,"PSJ",\N,"-1.4141210","120.6592410","1",\N,\N,"OurAirports","active",\N,\N,"ID","Kasiguncu Airport"
"91702","DTD","Datadawai Airport","airport",\N,\N,"DTD",\N,"0.8070280","114.5290520","1",\N,\N,"OurAirports","active",\N,\N,"ID","Datadawai Airport"
"91704","LPU","Long Apung Airport","airport",\N,\N,"LPU",\N,"1.7069320","114.9699340","1",\N,\N,"OurAirports","active",\N,\N,"ID","Long Apung Airport"
"91705","BMU","Sultan Muhammad Salahuddin Airport","airport",\N,\N,"BMU",\N,"-8.5371840","118.6850020","1",\N,\N,"OurAirports","active",\N,\N,"ID","Sultan Muhammad Salahuddin Airport"
"91706","SEH","Senggeh Airport","airport",\N,\N,"SEH",\N,"-3.4424480","140.7780790","1",\N,\N,"OurAirports","active",\N,\N,"ID","Senggeh Airport"
"91707","KBU","Gusti Syamsir Alam Airport","airport",\N,\N,"KBU",\N,"-3.2947960","116.1638150","1",\N,\N,"OurAirports","active",\N,\N,"ID","Gusti Syamsir Alam Airport"
"91708","WGP","Umbu Mehang Kunda Airport","airport",\N,\N,"WGP",\N,"-9.6692200","120.3020020","1",\N,\N,"OurAirports","active",\N,\N,"ID","Umbu Mehang Kunda Airport"
"91710","ABU","AA Bere Tallo (Haliwen) Airport","airport",\N,\N,"ABU",\N,"-9.0748410","124.9032850","1",\N,\N,"OurAirports","active",\N,\N,"ID","AA Bere Tallo (Haliwen) Airport"
"91711","NDA","Bandanaira Airport","airport",\N,\N,"NDA",\N,"-4.5214000","129.9054000","1",\N,\N,"OurAirports","active",\N,\N,"ID","Bandanaira Airport"
"91712","BTW","Bersujud Airport","airport",\N,\N,"BTW",\N,"-3.4124100","115.9950030","1",\N,\N,"OurAirports","active",\N,\N,"ID","Bersujud Airport"
"91715","BXT","LNG Badak Airport","airport",\N,\N,"BXT",\N,"0.1216560","117.4765580","1",\N,\N,"OurAirports","active",\N,\N,"ID","LNG Badak Airport"
"91718","KWB","Dewadaru Airport","airport",\N,\N,"KWB",\N,"-5.8009100","110.4783800","1",\N,\N,"OurAirports","active",\N,\N,"ID","Dewadaru Airport"
"91720","LKI","Lasikin Airport","airport",\N,\N,"LKI",\N,"2.4113280","96.3277220","1",\N,\N,"OurAirports","active",\N,\N,"ID","Lasikin Airport"
"91722","MOH","Maleo Airport","airport",\N,\N,"MOH",\N,"-2.2011430","121.6628840","1",\N,\N,"OurAirports","active",\N,\N,"ID","Maleo Airport"
"91723","BUU","Muara Bungo Airport","airport",\N,\N,"BUU",\N,"-1.5416350","102.1816130","1",\N,\N,"OurAirports","active",\N,\N,"ID","Muara Bungo Airport"
"91724","MPC","Muko Muko Airport","airport",\N,\N,"MPC",\N,"-2.5410580","101.0876510","1",\N,\N,"OurAirports","active",\N,\N,"ID","Muko Muko Airport"
"91729","LLO","Bua - Palopo Lagaligo Airport","airport",\N,\N,"LLO",\N,"-3.0829970","120.2450180","1",\N,\N,"OurAirports","active",\N,\N,"ID","Bua - Palopo Lagaligo Airport"
"91730","RTG","Frans Sales Lega Airport","airport",\N,\N,"RTG",\N,"-8.5961710","120.4781770","1",\N,\N,"OurAirports","active",\N,\N,"ID","Frans Sales Lega Airport"
"91733","RJM","Marinda Airport","airport",\N,\N,"RJM",\N,"-0.4230560","130.7733330","1",\N,\N,"OurAirports","active",\N,\N,"ID","Marinda Airport"
"91738","AAS","Apalapsili Airport","airport",\N,\N,"AAS",\N,"-3.8824950","139.3109320","1",\N,\N,"OurAirports","active",\N,\N,"ID","Apalapsili Airport"
"91739","RTI","David Constantijn Saudale Airport","airport",\N,\N,"RTI",\N,"-10.7673000","123.0747000","1",\N,\N,"OurAirports","active",\N,\N,"ID","David Constantijn Saudale Airport"
"91740","BXD","Bade Airport","airport",\N,\N,"BXD",\N,"-7.1759020","139.5833300","1",\N,\N,"OurAirports","active",\N,\N,"ID","Bade Airport"
"91742","BXM","Batom Airport","airport",\N,\N,"BXM",\N,"-4.4426870","140.8835650","1",\N,\N,"OurAirports","active",\N,\N,"ID","Batom Airport"
"91744","BUW","Betoambari Airport","airport",\N,\N,"BUW",\N,"-5.4860370","122.5698230","1",\N,\N,"OurAirports","active",\N,\N,"ID","Betoambari Airport"
"91746","NTI","Stenkol Airport","airport",\N,\N,"NTI",\N,"-2.1025720","133.5159810","1",\N,\N,"OurAirports","active",\N,\N,"ID","Stenkol Airport"
"91747","KJX","Kuala Batu Airport","airport",\N,\N,"KJX",\N,"3.7357490","96.7901090","1",\N,\N,"OurAirports","active",\N,\N,"ID","Kuala Batu Airport"
"91748","BYQ","Bunyu Airport","airport",\N,\N,"BYQ",\N,"3.4557200","117.8669970","1",\N,\N,"OurAirports","active",\N,\N,"ID","Bunyu Airport"
"91749","CBN","Cakrabhuwana  Airport","airport",\N,\N,"CBN",\N,"-6.7570000","108.5388490","1",\N,\N,"OurAirports","active",\N,\N,"ID","Cakrabhuwana  Airport"
"91750","DRH","Dabra Airport","airport",\N,\N,"DRH",\N,"-3.2706100","138.6134330","1",\N,\N,"OurAirports","active",\N,\N,"ID","Dabra Airport"
"91752","ELR","Elelim Airport","airport",\N,\N,"ELR",\N,"-3.7859220","139.3844970","1",\N,\N,"OurAirports","active",\N,\N,"ID","Elelim Airport"
"91754","ILA","Ilaga Airport","airport",\N,\N,"ILA",\N,"-3.9764800","137.6225000","1",\N,\N,"OurAirports","active",\N,\N,"ID","Ilaga Airport"
"91757","LLN","Kelila Airport","airport",\N,\N,"LLN",\N,"-3.7289680","138.7101170","1",\N,\N,"OurAirports","active",\N,\N,"ID","Kelila Airport"
"91758","KEI","Kepi Airport","airport",\N,\N,"KEI",\N,"-6.5429700","139.3324010","1",\N,\N,"OurAirports","active",\N,\N,"ID","Kepi Airport"
"91759","KMM","Kimaam Airport","airport",\N,\N,"KMM",\N,"-7.9778900","138.8517760","1",\N,\N,"OurAirports","active",\N,\N,"ID","Kimaam Airport"
"91765","ONI","Moanamani Airport","airport",\N,\N,"ONI",\N,"-4.0065900","136.0377040","1",\N,\N,"OurAirports","active",\N,\N,"ID","Moanamani Airport"
"91769","MWK","Matak Airport","airport",\N,\N,"MWK",\N,"3.3481200","106.2580030","1",\N,\N,"OurAirports","active",\N,\N,"ID","Matak Airport"
"91770","SIW","Sibisa Airport","airport",\N,\N,"SIW",\N,"2.6019670","98.9623810","1",\N,\N,"OurAirports","active",\N,\N,"ID","Sibisa Airport"
"91771","PPR","Tuanku Tambusai Airport","airport",\N,\N,"PPR",\N,"0.8454310","100.3701540","1",\N,\N,"OurAirports","active",\N,\N,"ID","Tuanku Tambusai Airport"
"91772","SIQ","Dabo Airport","airport",\N,\N,"SIQ",\N,"-0.4796110","104.5794980","1",\N,\N,"OurAirports","active",\N,\N,"ID","Dabo Airport"
"91776","PWL","Jenderal Besar Soedirman Airport","airport",\N,\N,"PWL",\N,"-7.4613420","109.4146120","1",\N,\N,"OurAirports","active",\N,\N,"ID","Jenderal Besar Soedirman Airport"
"91777","RAQ","Sugimanuru Airport","airport",\N,\N,"RAQ",\N,"-4.7632980","122.5663520","1",\N,\N,"OurAirports","active",\N,\N,"ID","Sugimanuru Airport"
"91779","SAU","Sabu-Tardanu Airport","airport",\N,\N,"SAU",\N,"-10.4924000","121.8482000","1",\N,\N,"OurAirports","active",\N,\N,"ID","Sabu-Tardanu Airport"
"91782","NKD","Sinak Airport","airport",\N,\N,"NKD",\N,"-3.8222490","137.8392080","1",\N,\N,"OurAirports","active",\N,\N,"ID","Sinak Airport"
"91783","SKJ","Singkawang Airport","airport",\N,\N,"SKJ",\N,"0.7899360","108.9603950","1",\N,\N,"OurAirports","active",\N,\N,"ID","Singkawang Airport"
"91785","SQR","Soroako Airport","airport",\N,\N,"SQR",\N,"-2.5305820","121.3560960","1",\N,\N,"OurAirports","active",\N,\N,"ID","Soroako Airport"
"91787","RTO","Budiarto Airport","airport",\N,\N,"RTO",\N,"-6.2931710","106.5700000","1",\N,\N,"OurAirports","active",\N,\N,"ID","Budiarto Airport"
"91788","TPK","Teuku Cut Ali Airport","airport",\N,\N,"TPK",\N,"3.1690400","97.2882990","1",\N,\N,"OurAirports","active",\N,\N,"ID","Teuku Cut Ali Airport"
"91790","WBA","Wahai Airport","airport",\N,\N,"WBA",\N,"-2.8114000","129.4840000","1",\N,\N,"OurAirports","active",\N,\N,"ID","Wahai Airport"
"91791","WSR","Wasior Airport","airport",\N,\N,"WSR",\N,"-2.7204340","134.5059020","1",\N,\N,"OurAirports","active",\N,\N,"ID","Wasior Airport"
"91792","NTX","Ranai Airport","airport",\N,\N,"NTX",\N,"3.9087100","108.3880000","1",\N,\N,"OurAirports","active",\N,\N,"ID","Ranai Airport"
"91793","UGU","Bilorai Airport","airport",\N,\N,"UGU",\N,"-3.7395030","137.0311830","1",\N,\N,"OurAirports","active",\N,\N,"ID","Bilorai Airport"
"91794","LSR","Alas Leuser Airport","airport",\N,\N,"LSR",\N,"3.3914560","97.8637260","1",\N,\N,"OurAirports","active",\N,\N,"ID","Alas Leuser Airport"
"91795","TRT","Toraja Airport","airport",\N,\N,"TRT",\N,"-3.1858330","119.9177500","1",\N,\N,"OurAirports","active",\N,\N,"ID","Toraja Airport"
"91796","OTI","Pitu Airport","airport",\N,\N,"OTI",\N,"2.0459900","128.3249970","1",\N,\N,"OurAirports","active",\N,\N,"ID","Pitu Airport"
"91797","LSX","Lhok Sukon Airport","airport",\N,\N,"LSX",\N,"5.0695100","97.2592010","1",\N,\N,"OurAirports","active",\N,\N,"ID","Lhok Sukon Airport"
"91798","NBX","Douw Aturure Airport","airport",\N,\N,"NBX",\N,"-3.3979730","135.3930710","1",\N,\N,"OurAirports","active",\N,\N,"ID","Douw Aturure Airport"
"91799","ZRI","Stevanus Rumbewas Airport","airport",\N,\N,"ZRI",\N,"-1.8284200","136.0624020","1",\N,\N,"OurAirports","active",\N,\N,"ID","Stevanus Rumbewas Airport"
"91800","LBW","Yuvai Semaring Airport","airport",\N,\N,"LBW",\N,"3.9004950","115.6900890","1",\N,\N,"OurAirports","active",\N,\N,"ID","Yuvai Semaring Airport"
"91801","NNX","Nunukan Airport","airport",\N,\N,"NNX",\N,"4.1340010","117.6695460","1",\N,\N,"OurAirports","active",\N,\N,"ID","Nunukan Airport"
"91802","TJS","Tanjung Harapan Airport","airport",\N,\N,"TJS",\N,"2.8358330","117.3736110","1",\N,\N,"OurAirports","active",\N,\N,"ID","Tanjung Harapan Airport"
"91804","BXW","Harun Thohir Airport","airport",\N,\N,"BXW",\N,"-5.7236280","112.6788890","1",\N,\N,"OurAirports","active",\N,\N,"ID","Harun Thohir Airport"
"91805","KSR","Selayar - Haji Aroeppala Airport","airport",\N,\N,"KSR",\N,"-6.1792100","120.4374790","1",\N,\N,"OurAirports","active",\N,\N,"ID","Selayar - Haji Aroeppala Airport"
"91807","UOL","Buol - Pogogul Airport","airport",\N,\N,"UOL",\N,"1.1023180","121.4133580","1",\N,\N,"OurAirports","active",\N,\N,"ID","Buol - Pogogul Airport"
"91811","JBB","Notohadinegoro Airport","airport",\N,\N,"JBB",\N,"-8.2424940","113.6934760","1",\N,\N,"OurAirports","active",\N,\N,"ID","Notohadinegoro Airport"
"91813","LKM","Bolaang Mongondow Airport","airport",\N,\N,"LKM",\N,"0.8885500","124.0336340","1",\N,\N,"OurAirports","active",\N,\N,"ID","Bolaang Mongondow Airport"
"91815","LNU","Robert Atty Bessing","airport",\N,\N,"LNU",\N,"3.5752560","116.6197690","1",\N,\N,"OurAirports","active",\N,\N,"ID","Robert Atty Bessing"
"91816","MXB","Andi Jemma Airport","airport",\N,\N,"MXB",\N,"-2.5580310","120.3243420","1",\N,\N,"OurAirports","active",\N,\N,"ID","Andi Jemma Airport"
"91817","HMS","Haji Muhammad Sidik Airport","airport",\N,\N,"HMS",\N,"-1.0258100","114.9288100","1",\N,\N,"OurAirports","active",\N,\N,"ID","Haji Muhammad Sidik Airport"
"91825","PGQ","Buli Airport","airport",\N,\N,"PGQ",\N,"0.9171440","128.3821160","1",\N,\N,"OurAirports","active",\N,\N,"ID","Buli Airport"
"91828","SXK","Mathilda Batlayeri Airport","airport",\N,\N,"SXK",\N,"-7.8483540","131.3370680","1",\N,\N,"OurAirports","active",\N,\N,"ID","Mathilda Batlayeri Airport"
"91829","KLP","Seruyan Kuala Pembuang Airport","airport",\N,\N,"KLP",\N,"-3.3760620","112.5365210","1",\N,\N,"OurAirports","active",\N,\N,"ID","Seruyan Kuala Pembuang Airport"
"91830","RKI","Mentawai Airport","airport",\N,\N,"RKI",\N,"-2.0941670","99.6991670","1",\N,\N,"OurAirports","active",\N,\N,"ID","Mentawai Airport"
"91831","KRC","Departi Parbo Airport","airport",\N,\N,"KRC",\N,"-2.0940420","101.4702500","1",\N,\N,"OurAirports","active",\N,\N,"ID","Departi Parbo Airport"
"91832","TJB","Raja Haji Abdullah Airport","airport",\N,\N,"TJB",\N,"1.0528700","103.3915170","1",\N,\N,"OurAirports","active",\N,\N,"ID","Raja Haji Abdullah Airport"
"91834","JIO","Jos Orno Imsula Airport","airport",\N,\N,"JIO",\N,"-8.1404020","127.9087580","1",\N,\N,"OurAirports","active",\N,\N,"ID","Jos Orno Imsula Airport"
"91835","OJU","Tanjung Api Airport","airport",\N,\N,"OJU",\N,"-0.8654370","121.6286250","1",\N,\N,"OurAirports","active",\N,\N,"ID","Tanjung Api Airport"
"91836","TLI","Sultan Bantilan Airport","airport",\N,\N,"TLI",\N,"1.1234280","120.7936580","1",\N,\N,"OurAirports","active",\N,\N,"ID","Sultan Bantilan Airport"
"91837","TBM","Tumbang Samba Airport","airport",\N,\N,"TBM",\N,"-1.4690240","113.0809840","1",\N,\N,"OurAirports","active",\N,\N,"ID","Tumbang Samba Airport"
"91847","EWE","Ewer Asmat Airport","airport",\N,\N,"EWE",\N,"-5.4961850","138.0783610","1",\N,\N,"OurAirports","active",\N,\N,"ID","Ewer Asmat Airport"
"91853","AHI","Amahai Airport","airport",\N,\N,"AHI",\N,"-3.3478510","128.9270930","1",\N,\N,"OurAirports","active",\N,\N,"ID","Amahai Airport"
"91855","RUF","Yuruf Airport [UNUSABLE]","airport",\N,\N,"RUF",\N,"-3.6289190","140.9536890","1",\N,\N,"OurAirports","active",\N,\N,"ID","Yuruf Airport [UNUSABLE]"
"91856","AGD","Anggi Airport","airport",\N,\N,"AGD",\N,"-1.3858000","133.8737000","1",\N,\N,"OurAirports","active",\N,\N,"ID","Anggi Airport"
"91864","TXM","Teminabuan Airport","airport",\N,\N,"TXM",\N,"-1.4454500","132.0211390","1",\N,\N,"OurAirports","active",\N,\N,"ID","Teminabuan Airport"
"91866","AYW","Ayawasi Airport","airport",\N,\N,"AYW",\N,"-1.1597790","132.4640820","1",\N,\N,"OurAirports","active",\N,\N,"ID","Ayawasi Airport"
"91868","BRG","Siau/Sitaro Airport","airport",\N,\N,"BRG",\N,"2.6485910","125.4233010","1",\N,\N,"OurAirports","active",\N,\N,"ID","Siau/Sitaro Airport"
"91869","NAF","Banaina Airport","airport",\N,\N,"NAF",\N,"2.7230501","117.1259995","1",\N,\N,"OurAirports","active",\N,\N,"ID","Banaina Airport"
"91879","SEQ","Sungai Pakning Bengkalis Airport","airport",\N,\N,"SEQ",\N,"1.3700000","102.1399990","1",\N,\N,"OurAirports","active",\N,\N,"ID","Sungai Pakning Bengkalis Airport"
"91881","PXA","Atung Bungsu Airport","airport",\N,\N,"PXA",\N,"-4.0225000","103.3791670","1",\N,\N,"OurAirports","active",\N,\N,"ID","Atung Bungsu Airport"
"91891","CPF","Ngloram Airport","airport",\N,\N,"CPF",\N,"-7.1955220","111.5452870","1",\N,\N,"OurAirports","active",\N,\N,"ID","Ngloram Airport"
"91898","APD","Arung Palakka Airport","airport",\N,\N,"APD",\N,"-4.4595820","120.3104360","1",\N,\N,"OurAirports","active",\N,\N,"ID","Arung Palakka Airport"
"91902","LMU","Letung Airport","airport",\N,\N,"LMU",\N,"2.9644700","105.7548400","1",\N,\N,"OurAirports","active",\N,\N,"ID","Letung Airport"
"91920","DOB","Rar Gwamar Airport","airport",\N,\N,"DOB",\N,"-5.7737240","134.2092450","1",\N,\N,"OurAirports","active",\N,\N,"ID","Rar Gwamar Airport"
"91926","ENG","Enggano Airport","airport",\N,\N,"ENG",\N,"-5.3056210","102.1895460","1",\N,\N,"OurAirports","active",\N,\N,"ID","Enggano Airport"
"91938","GAV","Gag Island Airport","airport",\N,\N,"GAV",\N,"-0.4005560","129.8950040","1",\N,\N,"OurAirports","active",\N,\N,"ID","Gag Island Airport"
"91939","GLX","Gamarmalamo Airport","airport",\N,\N,"GLX",\N,"1.8381340","127.7861910","1",\N,\N,"OurAirports","active",\N,\N,"ID","Gamarmalamo Airport"
"91940","GEB","Gebe Airport","airport",\N,\N,"GEB",\N,"-0.0788890","129.4579930","1",\N,\N,"OurAirports","active",\N,\N,"ID","Gebe Airport"
"91956","INX","Inanwatan Airport","airport",\N,\N,"INX",\N,"-2.1274470","132.1600560","1",\N,\N,"OurAirports","active",\N,\N,"ID","Inanwatan Airport"
"91961","PPJ","Pulau Panjang Airport","airport",\N,\N,"PPJ",\N,"-5.6444440","106.5625000","1",\N,\N,"OurAirports","active",\N,\N,"ID","Pulau Panjang Airport"
"91963","AXO","Pantar Kabir Airport","airport",\N,\N,"AXO",\N,"-8.2448320","124.2191080","1",\N,\N,"OurAirports","active",\N,\N,"ID","Pantar Kabir Airport"
"91964","GYO","Blangkejeren Airport","airport",\N,\N,"GYO",\N,"3.9454800","97.3596800","1",\N,\N,"OurAirports","active",\N,\N,"ID","Blangkejeren Airport"
"91969","KBX","Kambuaya Airport","airport",\N,\N,"KBX",\N,"-1.3168150","132.2869870","1",\N,\N,"OurAirports","active",\N,\N,"ID","Kambuaya Airport"
"91970","KCD","Kamur Airport","airport",\N,\N,"KCD",\N,"-6.1851000","138.6372000","1",\N,\N,"OurAirports","active",\N,\N,"ID","Kamur Airport"
"91971","KAZ","Kuabang Airport","airport",\N,\N,"KAZ",\N,"1.1886080","127.8960360","1",\N,\N,"OurAirports","active",\N,\N,"ID","Kuabang Airport"
"91972","MNA","Melangguane Airport","airport",\N,\N,"MNA",\N,"4.0103340","126.6731920","1",\N,\N,"OurAirports","active",\N,\N,"ID","Melangguane Airport"
"91977","KEQ","Kebar Airport","airport",\N,\N,"KEQ",\N,"-0.8104180","133.0549370","1",\N,\N,"OurAirports","active",\N,\N,"ID","Kebar Airport"
"91986","KOX","Kokonao Airport","airport",\N,\N,"KOX",\N,"-4.7107500","136.4351500","1",\N,\N,"OurAirports","active",\N,\N,"ID","Kokonao Airport"
"91991","BJG","Kota Mobagu/Mopait Airport","airport",\N,\N,"BJG",\N,"0.6861110","124.2736110","1",\N,\N,"OurAirports","active",\N,\N,"ID","Kota Mobagu/Mopait Airport"
"91992","KOD","Kotabangun Airport","airport",\N,\N,"KOD",\N,"-0.2666700","116.5833359","1",\N,\N,"OurAirports","active",\N,\N,"ID","Kotabangun Airport"
"91993","TFY","Muhammad Taufiq Kiemas Airport","airport",\N,\N,"TFY",\N,"-5.2115620","103.9365010","1",\N,\N,"OurAirports","active",\N,\N,"ID","Muhammad Taufiq Kiemas Airport"
"91994","GXM","Kuala Kurun Airport","airport",\N,\N,"GXM",\N,"-1.1289030","113.8730750","1",\N,\N,"OurAirports","active",\N,\N,"ID","Kuala Kurun Airport"
"92001","LAH","Oesman Sadik Airport","airport",\N,\N,"LAH",\N,"-0.6337640","127.5053940","1",\N,\N,"OurAirports","active",\N,\N,"ID","Oesman Sadik Airport"
"92004","LHI","Lereh Airport","airport",\N,\N,"LHI",\N,"-3.0800460","139.9528170","1",\N,\N,"OurAirports","active",\N,\N,"ID","Lereh Airport"
"92005","LWE","Wonopito Airport","airport",\N,\N,"LWE",\N,"-8.3618050","123.4385540","1",\N,\N,"OurAirports","active",\N,\N,"ID","Wonopito Airport"
"92015","LYK","Lunyuk Airport","airport",\N,\N,"LYK",\N,"-8.9899310","117.2160180","1",\N,\N,"OurAirports","active",\N,\N,"ID","Lunyuk Airport"
"92018","BJK","Benjina Airport","airport",\N,\N,"BJK",\N,"-6.0661300","134.2739710","1",\N,\N,"OurAirports","active",\N,\N,"ID","Benjina Airport"
"92019","TTR","Pongtiku Airport","airport",\N,\N,"TTR",\N,"-3.0447400","119.8219990","1",\N,\N,"OurAirports","active",\N,\N,"ID","Pongtiku Airport"
"92023","MJU","Tampa Padang Airport","airport",\N,\N,"MJU",\N,"-2.5900170","119.0250510","1",\N,\N,"OurAirports","active",\N,\N,"ID","Tampa Padang Airport"
"92024","JHN","Jenderal Besar Abdul Haris Nasution Airport","airport",\N,\N,"JHN",\N,"0.9439950","99.5340930","1",\N,\N,"OurAirports","active",\N,\N,"ID","Jenderal Besar Abdul Haris Nasution Airport"
"92026","MAL","Mangole Airport, Falabisahaya","airport",\N,\N,"MAL",\N,"-1.7822550","125.4822460","1",\N,\N,"OurAirports","active",\N,\N,"ID","Mangole Airport, Falabisahaya"
"92030","RTU","Maratua Airport","airport",\N,\N,"RTU",\N,"2.1975900","118.5993610","1",\N,\N,"OurAirports","active",\N,\N,"ID","Maratua Airport"
"92032","MSI","Masalembo Airport","airport",\N,\N,"MSI",\N,"-5.5833302","114.4329987","1",\N,\N,"OurAirports","active",\N,\N,"ID","Masalembo Airport"
"92036","GHS","Melalan Airport","airport",\N,\N,"GHS",\N,"-0.2036110","115.7600020","1",\N,\N,"OurAirports","active",\N,\N,"ID","Melalan Airport"
"92038","AKQ","Astra Ksetra Airport","airport",\N,\N,"AKQ",\N,"-4.6115880","105.2319680","1",\N,\N,"OurAirports","active",\N,\N,"ID","Astra Ksetra Airport"
"92041","RDE","Merdey Airport","airport",\N,\N,"RDE",\N,"-1.5911540","133.2958670","1",\N,\N,"OurAirports","active",\N,\N,"ID","Merdey Airport"
"92043","IAX","Miangas Airport","airport",\N,\N,"IAX",\N,"5.5604190","126.5800950","1",\N,\N,"OurAirports","active",\N,\N,"ID","Miangas Airport"
"92047","MDP","Mindiptana Airport","airport",\N,\N,"MDP",\N,"-5.8769290","140.7094600","1",\N,\N,"OurAirports","active",\N,\N,"ID","Mindiptana Airport"
"92051","MWS","Indonesia Morowali Industrial Park (IMIP) Airport","airport",\N,\N,"MWS",\N,"-2.7993220","122.1413850","1",\N,\N,"OurAirports","active",\N,\N,"ID","Indonesia Morowali Industrial Park (IMIP) Airport"
"92054","NRE","Namrole Airport","airport",\N,\N,"NRE",\N,"-3.8552200","126.7009020","1",\N,\N,"OurAirports","active",\N,\N,"ID","Namrole Airport"
"92066","OBD","Obano Airport","airport",\N,\N,"OBD",\N,"-3.9106000","136.2306000","1",\N,\N,"OurAirports","active",\N,\N,"ID","Obano Airport"
"92067","OKQ","Okaba Airport","airport",\N,\N,"OKQ",\N,"-8.0946000","139.7233000","1",\N,\N,"OurAirports","active",\N,\N,"ID","Okaba Airport"
"92095","RSK","Abresso Airport","airport",\N,\N,"RSK",\N,"-1.4966670","134.1925000","1",\N,\N,"OurAirports","active",\N,\N,"ID","Abresso Airport"
"92100","SQN","Emalamo Airport","airport",\N,\N,"SQN",\N,"-2.1004240","125.9658380","1",\N,\N,"OurAirports","active",\N,\N,"ID","Emalamo Airport"
"92102","SGQ","Sanggata/Sangkimah Airport","airport",\N,\N,"SGQ",\N,"0.3847000","117.5430000","1",\N,\N,"OurAirports","active",\N,\N,"ID","Sanggata/Sangkimah Airport"
"92111","ZEG","Senggo Airport","airport",\N,\N,"ZEG",\N,"-5.6906680","139.3504140","1",\N,\N,"OurAirports","active",\N,\N,"ID","Senggo Airport"
"92130","SUP","Trunojoyo Airport","airport",\N,\N,"SUP",\N,"-7.0223910","113.8876990","1",\N,\N,"OurAirports","active",\N,\N,"ID","Trunojoyo Airport"
"92141","TBX","Tambelan Airport","airport",\N,\N,"TBX",\N,"0.9799220","107.5646580","1",\N,\N,"OurAirports","active",\N,\N,"ID","Tambelan Airport"
"92142","TNB","Tanah Grogot Airport","airport",\N,\N,"TNB",\N,"-1.8855410","116.2568090","1",\N,\N,"OurAirports","active",\N,\N,"ID","Tanah Grogot Airport"
"92154","WET","Deiyai / Waghete Baru Airport","airport",\N,\N,"WET",\N,"-4.0591600","136.2817150","1",\N,\N,"OurAirports","active",\N,\N,"ID","Deiyai / Waghete Baru Airport"
"92156","TAX","Taliabu Island Airport","airport",\N,\N,"TAX",\N,"-1.6426300","124.5589981","1",\N,\N,"OurAirports","active",\N,\N,"ID","Taliabu Island Airport"
"92183","IDADB","Adang Bay","port",\N,\N,\N,"IDADB",\N,\N,"1",\N,\N,"UNLOCODE","active",\N,\N,"ID","Adang Bay"
"92184","IDAKE","Akeselaka","port",\N,\N,\N,"IDAKE","1.0500000","127.9666667","1",\N,\N,"UNLOCODE","active",\N,\N,"ID","Akeselaka"
"92185","IDAMA","Amamapare, Ij","port",\N,\N,\N,"IDAMA",\N,\N,"1",\N,\N,"UNLOCODE","active",\N,\N,"ID","Amamapare, Ij"
"92186","IDAMQ","Ambon, Molucas","port",\N,\N,\N,"IDAMQ",\N,\N,"1",\N,\N,"UNLOCODE","active",\N,\N,"ID","Ambon, Molucas"
"92187","IDAPN","Ampana","port",\N,\N,\N,"IDAPN","-0.8666667","121.5833333","1",\N,\N,"UNLOCODE","active",\N,\N,"ID","Ampana"
"92188","IDAMP","Ampenan, Bali","port",\N,\N,\N,"IDAMP",\N,\N,"1",\N,\N,"UNLOCODE","active",\N,\N,"ID","Ampenan, Bali"
"92189","IDTZD","Amurang","port",\N,\N,\N,"IDTZD","1.1666667","-124.5666667","1",\N,\N,"UNLOCODE","active",\N,\N,"ID","Amurang"
"92190","IDANG","Angar","port",\N,\N,\N,"IDANG","-3.6500000","130.8333333","1",\N,\N,"UNLOCODE","active",\N,\N,"ID","Angar"
"92191","IDAGR","Anggrek","port",\N,\N,\N,"IDAGR","0.8500000","122.7833333","1",\N,\N,"UNLOCODE","active",\N,\N,"ID","Anggrek"
"92192","IDANO","Anoa Natuna Pt.","port",\N,\N,\N,"IDANO","5.2333333","105.6000000","1",\N,\N,"UNLOCODE","active",\N,\N,"ID","Anoa Natuna Pt."
"92193","IDANR","Anyer Kidul","port",\N,\N,\N,"IDANR","-6.0666667","105.8833333","1",\N,\N,"UNLOCODE","active",\N,\N,"ID","Anyer Kidul"
"92194","IDAJN","Arjuna, Java","port",\N,\N,\N,"IDAJN",\N,\N,"1",\N,\N,"UNLOCODE","active",\N,\N,"ID","Arjuna, Java"
"92195","IDARB","Aroe Bay","port",\N,\N,\N,"IDARB",\N,\N,"1",\N,\N,"UNLOCODE","active",\N,\N,"ID","Aroe Bay"
"92196","IDAUN","Arun","port",\N,\N,\N,"IDAUN",\N,\N,"1",\N,\N,"UNLOCODE","active",\N,\N,"ID","Arun"
"92197","IDASI","Asike","port",\N,\N,\N,"IDASI","-6.6500000","140.4166667","1",\N,\N,"UNLOCODE","active",\N,\N,"ID","Asike"
"92198","IDBGD","Bagendang","port",\N,\N,\N,"IDBGD","-2.7333333","112.5500000","1",\N,\N,"UNLOCODE","active",\N,\N,"ID","Bagendang"
"92199","IDBPN","Balikpapan","port",\N,\N,\N,"IDBPN","-1.2833333","116.8333333","1",\N,\N,"UNLOCODE","active",\N,\N,"ID","Balikpapan"
"92200","IDBLH","Balohan","port",\N,\N,\N,"IDBLH","5.8166667","95.3333333","1",\N,\N,"UNLOCODE","active",\N,\N,"ID","Balohan"
"92201","IDBAL","Balongan","port",\N,\N,\N,"IDBAL","-6.3833333","108.4000000","1",\N,\N,"UNLOCODE","active",\N,\N,"ID","Balongan"
"92202","IDBGG","Banggai","port",\N,\N,\N,"IDBGG",\N,\N,"1",\N,\N,"UNLOCODE","active",\N,\N,"ID","Banggai"
"92203","IDBDJ","Banjarmasin","port",\N,\N,\N,"IDBDJ",\N,\N,"1",\N,\N,"UNLOCODE","active",\N,\N,"ID","Banjarmasin"
"92204","IDBJU","Banjuwangi, Java","port",\N,\N,\N,"IDBJU",\N,\N,"1",\N,\N,"UNLOCODE","active",\N,\N,"ID","Banjuwangi, Java"
"92205","IDBTN","Banten","port",\N,\N,\N,"IDBTN",\N,\N,"1",\N,\N,"UNLOCODE","active",\N,\N,"ID","Banten"
"92206","IDBTM","Batam Island","port",\N,\N,\N,"IDBTM","1.0833333","104.0333333","1",\N,\N,"UNLOCODE","active",\N,\N,"ID","Batam Island"
"92207","IDBUR","Batu Ampar","port",\N,\N,\N,"IDBUR","1.1666667","104.0166667","1",\N,\N,"UNLOCODE","active",\N,\N,"ID","Batu Ampar"
"92208","IDBAK","Batu Kilat","port",\N,\N,\N,"IDBAK",\N,\N,"1",\N,\N,"UNLOCODE","active",\N,\N,"ID","Batu Kilat"
"92209","IDBAM","Batuampar","port",\N,\N,\N,"IDBAM","-0.9666667","102.7333333","1",\N,\N,"UNLOCODE","active",\N,\N,"ID","Batuampar"
"92210","IDBTW","Batulicin","port",\N,\N,\N,"IDBTW","-3.4500000","115.9833333","1",\N,\N,"UNLOCODE","active",\N,\N,"ID","Batulicin"
"92211","IDBEK","Bekapai Terminal","port",\N,\N,\N,"IDBEK",\N,\N,"1",\N,\N,"UNLOCODE","active",\N,\N,"ID","Bekapai Terminal"
"92212","IDBNT","Belanak Terminal","port",\N,\N,\N,"IDBNT","4.1666667","106.2333333","1",\N,\N,"UNLOCODE","active",\N,\N,"ID","Belanak Terminal"
"92213","IDBLW","Belawan, Sumatra","port",\N,\N,\N,"IDBLW",\N,\N,"1",\N,\N,"UNLOCODE","active",\N,\N,"ID","Belawan, Sumatra"
"92214","IDBET","Belida Terminal","port",\N,\N,\N,"IDBET","4.1333333","105.1333333","1",\N,\N,"UNLOCODE","active",\N,\N,"ID","Belida Terminal"
"92215","IDBLV","Beliling","port",\N,\N,\N,"IDBLV",\N,\N,"1",\N,\N,"UNLOCODE","active",\N,\N,"ID","Beliling"
"92216","IDBLT","Belitung","port",\N,\N,\N,"IDBLT","-2.8333333","107.9166667","1",\N,\N,"UNLOCODE","active",\N,\N,"ID","Belitung"
"92217","IDBEN","Benete","port",\N,\N,\N,"IDBEN","-8.8666667","116.7166667","1",\N,\N,"UNLOCODE","active",\N,\N,"ID","Benete"
"92218","IDBKS","Bengkulu, Sumatra","port",\N,\N,\N,"IDBKS",\N,\N,"1",\N,\N,"UNLOCODE","active",\N,\N,"ID","Bengkulu, Sumatra"
"92219","IDBOA","Benoa","port",\N,\N,\N,"IDBOA","-8.7666667","115.2166667","1",\N,\N,"UNLOCODE","active",\N,\N,"ID","Benoa"
"92220","IDBIK","Biak, Irian Jaya","port",\N,\N,\N,"IDBIK",\N,\N,"1",\N,\N,"UNLOCODE","active",\N,\N,"ID","Biak, Irian Jaya"
"92221","IDBMT","Bima Terminal, Jv","port",\N,\N,\N,"IDBMT",\N,\N,"1",\N,\N,"UNLOCODE","active",\N,\N,"ID","Bima Terminal, Jv"
"92222","IDBMU","Bima, Sb","port",\N,\N,\N,"IDBMU",\N,\N,"1",\N,\N,"UNLOCODE","active",\N,\N,"ID","Bima, Sb"
"92223","IDBIR","Biringkassi","port",\N,\N,\N,"IDBIR","-4.8166667","119.4833333","1",\N,\N,"UNLOCODE","active",\N,\N,"ID","Biringkassi"
"92224","IDBIT","Bitung, Sulawesi","port",\N,\N,\N,"IDBIT",\N,\N,"1",\N,\N,"UNLOCODE","active",\N,\N,"ID","Bitung, Sulawesi"
"92225","IDBLL","Blang Lancang, St","port",\N,\N,\N,"IDBLL",\N,\N,"1",\N,\N,"UNLOCODE","active",\N,\N,"ID","Blang Lancang, St"
"92226","IDBLI","Blinju, Banka","port",\N,\N,\N,"IDBLI",\N,\N,"1",\N,\N,"UNLOCODE","active",\N,\N,"ID","Blinju, Banka"
"92227","IDBNG","Bonggala","port",\N,\N,\N,"IDBNG",\N,\N,"1",\N,\N,"UNLOCODE","active",\N,\N,"ID","Bonggala"
"92228","IDBXT","Bontang, Kl","port",\N,\N,\N,"IDBXT",\N,\N,"1",\N,\N,"UNLOCODE","active",\N,\N,"ID","Bontang, Kl"
"92229","IDBUA","Bula","port",\N,\N,\N,"IDBUA",\N,\N,"1",\N,\N,"UNLOCODE","active",\N,\N,"ID","Bula"
"92230","IDBUG","Buleleng, Bali","port",\N,\N,\N,"IDBUG",\N,\N,"1",\N,\N,"UNLOCODE","active",\N,\N,"ID","Buleleng, Bali"
"92231","IDBYQ","Bunyu","port",\N,\N,\N,"IDBYQ","3.5000000","117.8000000","1",\N,\N,"UNLOCODE","active",\N,\N,"ID","Bunyu"
"92232","IDCSA","Cape Sago","port",\N,\N,\N,"IDCSA",\N,\N,"1",\N,\N,"UNLOCODE","active",\N,\N,"ID","Cape Sago"
"92233","IDCEB","Celukan Bawang, Bl","port",\N,\N,\N,"IDCEB",\N,\N,"1",\N,\N,"UNLOCODE","active",\N,\N,"ID","Celukan Bawang, Bl"
"92234","IDCEN","Cengkareng","offshore-terminal",\N,\N,\N,"IDCEN","-6.1500000","106.7166667","1",\N,\N,"UNLOCODE","active",\N,\N,"ID","Cengkareng"
"92235","IDCER","Cereweh","port",\N,\N,\N,"IDCER","-8.8166667","116.8166667","1",\N,\N,"UNLOCODE","active",\N,\N,"ID","Cereweh"
"92236","IDSZA","Cikande","port",\N,\N,\N,"IDSZA","-6.2000000","106.3500000","1",\N,\N,"UNLOCODE","active",\N,\N,"ID","Cikande"
"92237","IDCXP","Cilacap (Tjilatjap)","port",\N,\N,\N,"IDCXP","-7.7333333","109.0000000","1",\N,\N,"UNLOCODE","active",\N,\N,"ID","Cilacap (Tjilatjap)"
"92238","IDCBN","Cirebon (Tjeribon)","port",\N,\N,\N,"IDCBN","-6.7333333","108.5666667","1",\N,\N,"UNLOCODE","active",\N,\N,"ID","Cirebon (Tjeribon)"
"92239","IDCIW","Ciwandan","port",\N,\N,\N,"IDCIW","-6.0166667","105.9500000","1",\N,\N,"UNLOCODE","active",\N,\N,"ID","Ciwandan"
"92240","IDDAS","Dabo, Singkep Isl","port",\N,\N,\N,"IDDAS","-0.5000000","104.5500000","1",\N,\N,"UNLOCODE","active",\N,\N,"ID","Dabo, Singkep Isl"
"92241","IDDMA","Demta","port",\N,\N,\N,"IDDMA","-2.3333333","140.1333333","1",\N,\N,"UNLOCODE","active",\N,\N,"ID","Demta"
"92242","IDDIV","Diviematra","port",\N,\N,\N,"IDDIV",\N,\N,"1",\N,\N,"UNLOCODE","active",\N,\N,"ID","Diviematra"
"92243","IDDJA","Djankar","port",\N,\N,\N,"IDDJA",\N,\N,"1",\N,\N,"UNLOCODE","active",\N,\N,"ID","Djankar"
"92244","IDDOB","Dobo","port",\N,\N,\N,"IDDOB","-5.7500000","134.2166667","1",\N,\N,"UNLOCODE","active",\N,\N,"ID","Dobo"
"92245","IDDOG","Donggi","port",\N,\N,\N,"IDDOG","-1.5333333","122.2500000","1",\N,\N,"UNLOCODE","active",\N,\N,"ID","Donggi"
"92246","IDDUM","Dumai, Sumatra","port",\N,\N,\N,"IDDUM",\N,\N,"1",\N,\N,"UNLOCODE","active",\N,\N,"ID","Dumai, Sumatra"
"92247","IDSDA","Durian","port",\N,\N,\N,"IDSDA","1.0166667","103.5666667","1",\N,\N,"UNLOCODE","active",\N,\N,"ID","Durian"
"92248","IDELA","Elat","port",\N,\N,\N,"IDELA","-5.6500000","133.1166667","1",\N,\N,"UNLOCODE","active",\N,\N,"ID","Elat"
"92249","IDEXS","Exspan","port",\N,\N,\N,"IDEXS","-1.8000000","105.1333333","1",\N,\N,"UNLOCODE","active",\N,\N,"ID","Exspan"
"92250","IDFKQ","Fak Fak, Irian Jaya","port",\N,\N,\N,"IDFKQ",\N,\N,"1",\N,\N,"UNLOCODE","active",\N,\N,"ID","Fak Fak, Irian Jaya"
"92251","IDGRG","Gagak Rimang Fso","offshore-terminal",\N,\N,\N,"IDGRG","-6.7000000","112.2166667","1",\N,\N,"UNLOCODE","active",\N,\N,"ID","Gagak Rimang Fso"
"92252","IDGTS","Gatot Subroto Permai","port",\N,\N,\N,"IDGTS","-8.6333333","115.2000000","1",\N,\N,"UNLOCODE","active",\N,\N,"ID","Gatot Subroto Permai"
"92253","IDGEE","Gee Island","port",\N,\N,\N,"IDGEE","0.8333333","128.3166667","1",\N,\N,"UNLOCODE","active",\N,\N,"ID","Gee Island"
"92254","IDGIL","Gilimanuk, Bali","port",\N,\N,\N,"IDGIL",\N,\N,"1",\N,\N,"UNLOCODE","active",\N,\N,"ID","Gilimanuk, Bali"
"92255","IDGTO","Gorontalo, Sulawesi","port",\N,\N,\N,"IDGTO",\N,\N,"1",\N,\N,"UNLOCODE","active",\N,\N,"ID","Gorontalo, Sulawesi"
"92256","IDGRE","Gresik, Java","port",\N,\N,\N,"IDGRE","-7.1500000","112.6500000","1",\N,\N,"UNLOCODE","active",\N,\N,"ID","Gresik, Java"
"92257","IDGNS","Gunung Sitoli, St","port",\N,\N,\N,"IDGNS",\N,\N,"1",\N,\N,"UNLOCODE","active",\N,\N,"ID","Gunung Sitoli, St"
"92258","IDINA","Inanwatan","port",\N,\N,\N,"IDINA","-2.1333333","132.1666667","1",\N,\N,"UNLOCODE","active",\N,\N,"ID","Inanwatan"
"92259","IDIBT","Indonesia Bulk Terminal","port",\N,\N,\N,"IDIBT",\N,\N,"1",\N,\N,"UNLOCODE","active",\N,\N,"ID","Indonesia Bulk Terminal"
"92260","IDJBK","Jababeka","port",\N,\N,\N,"IDJBK","-6.2500000","107.1500000","1",\N,\N,"UNLOCODE","active",\N,\N,"ID","Jababeka"
"92261","IDJBT","Jabung Terminal","port",\N,\N,\N,"IDJBT","-0.8833333","104.0666667","1",\N,\N,"UNLOCODE","active",\N,\N,"ID","Jabung Terminal"
"92262","IDJPU","Jakarta Pusat","port",\N,\N,\N,"IDJPU","-6.1833333","106.8333333","1",\N,\N,"UNLOCODE","active",\N,\N,"ID","Jakarta Pusat"
"92263","IDUTC","Jakarta UTC1","port",\N,\N,\N,"IDUTC",\N,\N,"1",\N,\N,"UNLOCODE","active",\N,\N,"ID","Jakarta UTC1"
"92264","IDUTE","Jakarta UTC3","port",\N,\N,\N,"IDUTE",\N,\N,"1",\N,\N,"UNLOCODE","active",\N,\N,"ID","Jakarta UTC3"
"92265","IDJKT","Tanjung Priok","port",\N,\N,\N,"IDJKT","-6.1333333","106.8333333","1",\N,\N,"UNLOCODE","active",\N,\N,"ID","Jakarta, Java"
"92266","IDDJB","Jambi, Sumatra","port",\N,\N,\N,"IDDJB",\N,\N,"1",\N,\N,"UNLOCODE","active",\N,\N,"ID","Jambi, Sumatra"
"92267","IDJWA","Jawa Timur","port",\N,\N,\N,"IDJWA","-7.7333333","112.5000000","1",\N,\N,"UNLOCODE","active",\N,\N,"ID","Jawa Timur"
"92268","IDDJJ","Jayapura, Irian Jaya","port",\N,\N,\N,"IDDJJ","-2.5333333","140.7000000","1",\N,\N,"UNLOCODE","active",\N,\N,"ID","Jayapura, Irian Jaya"
"92269","IDJEP","Jepara","port",\N,\N,\N,"IDJEP","-6.5833333","110.6500000","1",\N,\N,"UNLOCODE","active",\N,\N,"ID","Jepara"
"92270","IDJIP","Jogja Inland Port","port",\N,\N,\N,"IDJIP","-7.9000000","110.3833333","1",\N,\N,"UNLOCODE","active",\N,\N,"ID","Jogja Inland Port"
"92271","IDJOR","Jorong Anchorage","port",\N,\N,\N,"IDJOR","-4.1833333","115.1000000","1",\N,\N,"UNLOCODE","active",\N,\N,"ID","Jorong Anchorage"
"92272","IDKAH","Kahayan Bay","port",\N,\N,\N,"IDKAH",\N,\N,"1",\N,\N,"UNLOCODE","active",\N,\N,"ID","Kahayan Bay"
"92273","IDKHY","Kahyangan","port",\N,\N,\N,"IDKHY","-8.4833333","116.6666667","1",\N,\N,"UNLOCODE","active",\N,\N,"ID","Kahyangan"
"92274","IDKNT","Kakap Natuna Terminal","port",\N,\N,\N,"IDKNT","5.0166667","105.9500000","1",\N,\N,"UNLOCODE","active",\N,\N,"ID","Kakap Natuna Terminal"
"92275","IDKBH","Kalabahi","port",\N,\N,\N,"IDKBH","-8.2166667","124.5166667","1",\N,\N,"UNLOCODE","active",\N,\N,"ID","Kalabahi"
"92276","IDKSO","Kalbut Situbondo","port",\N,\N,\N,"IDKSO","-7.6166667","113.8833333","1",\N,\N,"UNLOCODE","active",\N,\N,"ID","Kalbut Situbondo"
"92277","IDKAM","Kambunong, Celebes","port",\N,\N,\N,"IDKAM",\N,\N,"1",\N,\N,"UNLOCODE","active",\N,\N,"ID","Kambunong, Celebes"
"92278","IDKPL","Kampung Laut","port",\N,\N,\N,"IDKPL","-0.9000000","103.8000000","1",\N,\N,"UNLOCODE","active",\N,\N,"ID","Kampung Laut"
"92279","IDKRG","Kariangau","port",\N,\N,\N,"IDKRG","-1.1666667","116.7833333","1",\N,\N,"UNLOCODE","active",\N,\N,"ID","Kariangau"
"92280","IDOKA","Karimun Besar Offshore","offshore-terminal",\N,\N,\N,"IDOKA","1.0666667","103.5166667","1",\N,\N,"UNLOCODE","active",\N,\N,"ID","Karimun Besar Offshore"
"92281","IDKAR","Karosa, Sulawesi","port",\N,\N,\N,"IDKAR",\N,\N,"1",\N,\N,"UNLOCODE","active",\N,\N,"ID","Karosa, Sulawesi"
"92282","IDKAS","Kasim, Ij","port",\N,\N,\N,"IDKAS",\N,\N,"1",\N,\N,"UNLOCODE","active",\N,\N,"ID","Kasim, Ij"
"92283","IDKSE","Kassue","port",\N,\N,\N,"IDKSE","-6.9833333","139.2166667","1",\N,\N,"UNLOCODE","active",\N,\N,"ID","Kassue"
"92284","IDKAU","Kau","port",\N,\N,\N,"IDKAU","1.1833333","127.9000000","1",\N,\N,"UNLOCODE","active",\N,\N,"ID","Kau"
"92285","IDKEM","Kempo, Sb","port",\N,\N,\N,"IDKEM",\N,\N,"1",\N,\N,"UNLOCODE","active",\N,\N,"ID","Kempo, Sb"
"92286","IDKDI","Kendari, Sulawesi","port",\N,\N,\N,"IDKDI",\N,\N,"1",\N,\N,"UNLOCODE","active",\N,\N,"ID","Kendari, Sulawesi"
"92287","IDKDW","Kendawangan","port",\N,\N,\N,"IDKDW","-2.5333333","110.2000000","1",\N,\N,"UNLOCODE","active",\N,\N,"ID","Kendawangan"
"92288","IDKTG","Ketapang, Kl","port",\N,\N,\N,"IDKTG",\N,\N,"1",\N,\N,"UNLOCODE","active",\N,\N,"ID","Ketapang, Kl"
"92289","IDKID","Kidjang, Bintan","port",\N,\N,\N,"IDKID",\N,\N,"1",\N,\N,"UNLOCODE","active",\N,\N,"ID","Kidjang, Bintan"
"92290","IDKOJ","Koja","port",\N,\N,\N,"IDKOJ","-6.3000000","106.3833333","1",\N,\N,"UNLOCODE","active",\N,\N,"ID","Koja"
"92291","IDKOK","Kokas","port",\N,\N,\N,"IDKOK","-2.7000000","132.4333333","1",\N,\N,"UNLOCODE","active",\N,\N,"ID","Kokas"
"92292","IDKOL","Kolaka","port",\N,\N,\N,"IDKOL","-4.0500000","121.5666667","1",\N,\N,"UNLOCODE","active",\N,\N,"ID","Kolaka"
"92293","IDKNL","Kolonodale","port",\N,\N,\N,"IDKNL","-1.9666667","121.3333333","1",\N,\N,"UNLOCODE","active",\N,\N,"ID","Kolonodale"
"92294","IDKMD","Komodo","port",\N,\N,\N,"IDKMD","-8.5833333","119.5000000","1",\N,\N,"UNLOCODE","active",\N,\N,"ID","Komodo"
"92295","IDKPN","Kotapinang, Baru","port",\N,\N,\N,"IDKPN",\N,\N,"1",\N,\N,"UNLOCODE","active",\N,\N,"ID","Kotapinang, Baru"
"92296","IDKGH","Krueng Geukueh","port",\N,\N,\N,"IDKGH","5.2500000","97.0333333","1",\N,\N,"UNLOCODE","active",\N,\N,"ID","Krueng Geukueh"
"92297","IDENO","Kuala Enok","port",\N,\N,\N,"IDENO","-0.5333333","103.4000000","1",\N,\N,"UNLOCODE","active",\N,\N,"ID","Kuala Enok"
"92298","IDKKA","Kuala Kapuas, Kl","port",\N,\N,\N,"IDKKA",\N,\N,"1",\N,\N,"UNLOCODE","active",\N,\N,"ID","Kuala Kapuas, Kl"
"92299","IDKUA","Kualalangsa","port",\N,\N,\N,"IDKUA","4.5333333","98.0166667","1",\N,\N,"UNLOCODE","active",\N,\N,"ID","Kualalangsa"
"92300","IDKTJ","Kualatanjung","port",\N,\N,\N,"IDKTJ","3.3500000","99.4833333","1",\N,\N,"UNLOCODE","active",\N,\N,"ID","Kualatanjung"
"92301","IDKUM","Kumai","port",\N,\N,\N,"IDKUM","-2.7333333","111.7166667","1",\N,\N,"UNLOCODE","active",\N,\N,"ID","Kumai"
"92302","IDKKB","Kunak, Borneo","port",\N,\N,\N,"IDKKB",\N,\N,"1",\N,\N,"UNLOCODE","active",\N,\N,"ID","Kunak, Borneo"
"92303","IDKOE","Kupang, Timor","port",\N,\N,\N,"IDKOE",\N,\N,"1",\N,\N,"UNLOCODE","active",\N,\N,"ID","Kupang, Timor"
"92304","IDLBO","Labuan Bajo","port",\N,\N,\N,"IDLBO","-8.5000000","119.8833333","1",\N,\N,"UNLOCODE","active",\N,\N,"ID","Labuan Bajo"
"92305","IDLAH","Labuha, Molucas","port",\N,\N,\N,"IDLAH","-0.6166667","127.4833333","1",\N,\N,"UNLOCODE","active",\N,\N,"ID","Labuha, Molucas"
"92306","IDLAT","Lalang Terminal, St","port",\N,\N,\N,"IDLAT",\N,\N,"1",\N,\N,"UNLOCODE","active",\N,\N,"ID","Lalang Terminal, St"
"92307","IDLVN","Langsa Venture FPSO","offshore-terminal",\N,\N,\N,"IDLVN","5.3166667","98.0500000","1",\N,\N,"UNLOCODE","active",\N,\N,"ID","Langsa Venture FPSO"
"92308","IDLAS","Langsa, Sumatra","port",\N,\N,\N,"IDLAS",\N,\N,"1",\N,\N,"UNLOCODE","active",\N,\N,"ID","Langsa, Sumatra"
"92309","IDLLA","Lawe-Lawe, Kl","port",\N,\N,\N,"IDLLA",\N,\N,"1",\N,\N,"UNLOCODE","active",\N,\N,"ID","Lawe-Lawe, Kl"
"92310","IDLBR","Lembar","port",\N,\N,\N,"IDLBR","-8.7333333","116.0666667","1",\N,\N,"UNLOCODE","active",\N,\N,"ID","Lembar"
"92311","IDLSW","Lhokseumawe","port",\N,\N,\N,"IDLSW","5.1666667","97.1333333","1",\N,\N,"UNLOCODE","active",\N,\N,"ID","Lhokseumawe"
"92312","IDLIF","Lifamatola","port",\N,\N,\N,"IDLIF",\N,\N,"1",\N,\N,"UNLOCODE","active",\N,\N,"ID","Lifamatola"
"92313","IDLBM","Lobam","port",\N,\N,\N,"IDLBM","1.0000000","104.2666667","1",\N,\N,"UNLOCODE","active",\N,\N,"ID","Lobam"
"92314","IDLKI","Loki","port",\N,\N,\N,"IDLKI","-3.3000000","128.0500000","1",\N,\N,"UNLOCODE","active",\N,\N,"ID","Loki"
"92315","IDLOM","Lombok","port",\N,\N,\N,"IDLOM","-8.5000000","116.6666667","1",\N,\N,"UNLOCODE","active",\N,\N,"ID","Lombok"
"92316","IDLTT","Lubuk Tutung","port",\N,\N,\N,"IDLTT","0.7666667","117.7333333","1",\N,\N,"UNLOCODE","active",\N,\N,"ID","Lubuk Tutung"
"92317","IDLUW","Luwuk","port",\N,\N,\N,"IDLUW",\N,\N,"1",\N,\N,"UNLOCODE","active",\N,\N,"ID","Luwuk"
"92318","IDMDR","Madura Terminal","port",\N,\N,\N,"IDMDR","-6.8500000","112.9500000","1",\N,\N,"UNLOCODE","active",\N,\N,"ID","Madura Terminal"
"92319","IDMAJ","Majene, Sv","port",\N,\N,\N,"IDMAJ",\N,\N,"1",\N,\N,"UNLOCODE","active",\N,\N,"ID","Majene, Sv"
"92320","IDMAK","Makassar","port",\N,\N,\N,"IDMAK","-5.1166667","119.4000000","1",\N,\N,"UNLOCODE","active",\N,\N,"ID","Makassar"
"92321","IDMLI","Malili, Sulawesi","port",\N,\N,\N,"IDMLI",\N,\N,"1",\N,\N,"UNLOCODE","active",\N,\N,"ID","Malili, Sulawesi"
"92322","IDMJU","Mamuju","port",\N,\N,\N,"IDMJU",\N,\N,"1",\N,\N,"UNLOCODE","active",\N,\N,"ID","Mamuju"
"92323","IDMDC","Manado","port",\N,\N,\N,"IDMDC",\N,\N,"1",\N,\N,"UNLOCODE","active",\N,\N,"ID","Manado"
"92324","IDMGB","Manggis","port",\N,\N,\N,"IDMGB","-8.4833333","115.5166667","1",\N,\N,"UNLOCODE","active",\N,\N,"ID","Manggis"
"92325","IDMKJ","Mangkajang","port",\N,\N,\N,"IDMKJ","2.1333333","117.7333333","1",\N,\N,"UNLOCODE","active",\N,\N,"ID","Mangkajang"
"92326","IDMAL","Mangole","port",\N,\N,\N,"IDMAL",\N,\N,"1",\N,\N,"UNLOCODE","active",\N,\N,"ID","Mangole"
"92327","IDMKW","Manokwari, Irian Jaya","port",\N,\N,\N,"IDMKW",\N,\N,"1",\N,\N,"UNLOCODE","active",\N,\N,"ID","Manokwari, Irian Jaya"
"92328","IDMNT","Mantang, Riau","port",\N,\N,\N,"IDMNT",\N,\N,"1",\N,\N,"UNLOCODE","active",\N,\N,"ID","Mantang, Riau"
"92329","IDMAI","Mapia Island","port",\N,\N,\N,"IDMAI","0.8833333","134.3166667","1",\N,\N,"UNLOCODE","active",\N,\N,"ID","Mapia Island"
"92330","IDMAR","Marabahan","port",\N,\N,\N,"IDMAR","-2.9833333","114.7666667","1",\N,\N,"UNLOCODE","active",\N,\N,"ID","Marabahan"
"92331","IDMOF","Maumere, Flores","port",\N,\N,\N,"IDMOF",\N,\N,"1",\N,\N,"UNLOCODE","active",\N,\N,"ID","Maumere, Flores"
"92332","IDMES","Medan, Sumatra","port",\N,\N,\N,"IDMES",\N,\N,"1",\N,\N,"UNLOCODE","active",\N,\N,"ID","Medan, Sumatra"
"92333","IDMRK","Merak, Java","port",\N,\N,\N,"IDMRK",\N,\N,"1",\N,\N,"UNLOCODE","active",\N,\N,"ID","Merak, Java"
"92334","IDMRB","Merantibunting, Sumatra","port",\N,\N,\N,"IDMRB",\N,\N,"1",\N,\N,"UNLOCODE","active",\N,\N,"ID","Merantibunting, Sumatra"
"92335","IDMKQ","Merauke, Irian Jaya","port",\N,\N,\N,"IDMKQ",\N,\N,"1",\N,\N,"UNLOCODE","active",\N,\N,"ID","Merauke, Irian Jaya"
"92336","IDMEQ","Meulaboh, Sumatra","port",\N,\N,\N,"IDMEQ",\N,\N,"1",\N,\N,"UNLOCODE","active",\N,\N,"ID","Meulaboh, Sumatra"
"92337","IDMIT","Misool Terminal","port",\N,\N,\N,"IDMIT","-1.5666667","130.5166667","1",\N,\N,"UNLOCODE","active",\N,\N,"ID","Misool Terminal"
"92338","IDMOR","Mornopo","port",\N,\N,\N,"IDMOR","0.7833333","128.2166667","1",\N,\N,"UNLOCODE","active",\N,\N,"ID","Mornopo"
"92339","IDMOW","Morowali","port",\N,\N,\N,"IDMOW","-1.8666667","121.5000000","1",\N,\N,"UNLOCODE","active",\N,\N,"ID","Morowali"
"92340","IDMBK","Muara Bangkong","port",\N,\N,\N,"IDMBK","0.4000000","103.7833333","1",\N,\N,"UNLOCODE","active",\N,\N,"ID","Muara Bangkong"
"92341","IDMUB","Muara Berau","port",\N,\N,\N,"IDMUB",\N,\N,"1",\N,\N,"UNLOCODE","active",\N,\N,"ID","Muara Berau"
"92342","IDMUD","Muara Djawa","port",\N,\N,\N,"IDMUD",\N,\N,"1",\N,\N,"UNLOCODE","active",\N,\N,"ID","Muara Djawa"
"92343","IDMPN","Muara Pantai","port",\N,\N,\N,"IDMPN",\N,\N,"1",\N,\N,"UNLOCODE","active",\N,\N,"ID","Muara Pantai"
"92344","IDMUP","Muara Pegah","port",\N,\N,\N,"IDMUP",\N,\N,"1",\N,\N,"UNLOCODE","active",\N,\N,"ID","Muara Pegah"
"92345","IDMSK","Muara Sabak","port",\N,\N,\N,"IDMSK","-0.8000000","103.9166667","1",\N,\N,"UNLOCODE","active",\N,\N,"ID","Muara Sabak"
"92346","IDMSB","Muara Siberut","port",\N,\N,\N,"IDMSB","-1.5833333","99.2000000","1",\N,\N,"UNLOCODE","active",\N,\N,"ID","Muara Siberut"
"92347","IDMUW","Muara Teweh","port",\N,\N,\N,"IDMUW","-56.9666667","114.9000000","1",\N,\N,"UNLOCODE","active",\N,\N,"ID","Muara Teweh"
"92348","IDMUO","Muntok, Banka","port",\N,\N,\N,"IDMUO",\N,\N,"1",\N,\N,"UNLOCODE","active",\N,\N,"ID","Muntok, Banka"
"92349","IDMRI","Musi River, Sumatra","port",\N,\N,\N,"IDMRI",\N,\N,"1",\N,\N,"UNLOCODE","active",\N,\N,"ID","Musi River, Sumatra"
"92350","IDMTU","Muturi","port",\N,\N,\N,"IDMTU",\N,\N,"1",\N,\N,"UNLOCODE","active",\N,\N,"ID","Muturi"
"92351","IDCTO","New Priok Port","port",\N,\N,\N,"IDCTO","-6.0833333","106.9166667","1",\N,\N,"UNLOCODE","active",\N,\N,"ID","New Priok Port"
"92352","IDNIP","Nipah","port",\N,\N,\N,"IDNIP","1.1166667","103.5500000","1",\N,\N,"UNLOCODE","active",\N,\N,"ID","Nipah"
"92353","IDNPL","North Pulau Laut","port",\N,\N,\N,"IDNPL","-3.2166667","116.2666667","1",\N,\N,"UNLOCODE","active",\N,\N,"ID","North Pulau Laut"
"92354","IDNNX","Nunukan","port",\N,\N,\N,"IDNNX",\N,\N,"1",\N,\N,"UNLOCODE","active",\N,\N,"ID","Nunukan"
"92355","IDOBI","Obi Island","port",\N,\N,\N,"IDOBI",\N,\N,"1",\N,\N,"UNLOCODE","active",\N,\N,"ID","Obi Island"
"92356","IDOJA","Olah Jasa Andal/Jakarta","port",\N,\N,\N,"IDOJA",\N,\N,"1",\N,\N,"UNLOCODE","active",\N,\N,"ID","Olah Jasa Andal/Jakarta"
"92357","IDOLO","Olee Lheue","port",\N,\N,\N,"IDOLO",\N,\N,"1",\N,\N,"UNLOCODE","active",\N,\N,"ID","Olee Lheue"
"92358","IDOYO","Oyong","offshore-terminal",\N,\N,\N,"IDOYO","-7.2833333","112.7333333","1",\N,\N,"UNLOCODE","active",\N,\N,"ID","Oyong"
"92359","IDPDG","Padang","port",\N,\N,\N,"IDPDG","-0.9500000","100.3500000","1",\N,\N,"UNLOCODE","active",\N,\N,"ID","Padang"
"92360","IDPTK","Padang Tikar","port",\N,\N,\N,"IDPTK","-0.6666667","109.2666667","1",\N,\N,"UNLOCODE","active",\N,\N,"ID","Padang Tikar"
"92361","IDPAG","Pagatan, Kalimantan","port",\N,\N,\N,"IDPAG",\N,\N,"1",\N,\N,"UNLOCODE","active",\N,\N,"ID","Pagatan, Kalimantan"
"92362","IDPGA","Pagerungan","port",\N,\N,\N,"IDPGA","-6.9166667","115.9166667","1",\N,\N,"UNLOCODE","active",\N,\N,"ID","Pagerungan"
"92363","IDPGM","Pagimana","port",\N,\N,\N,"IDPGM","-0.8000000","122.6166667","1",\N,\N,"UNLOCODE","active",\N,\N,"ID","Pagimana"
"92364","IDPPO","Palapo, Sulawesi","port",\N,\N,\N,"IDPPO","-3.0833333","120.2333333","1",\N,\N,"UNLOCODE","active",\N,\N,"ID","Palapo, Sulawesi"
"92365","IDPLM","Palembang, Sumatra","port",\N,\N,\N,"IDPLM",\N,\N,"1",\N,\N,"UNLOCODE","active",\N,\N,"ID","Palembang, Sumatra"
"92366","IDPAL","Palu","port",\N,\N,\N,"IDPAL","-0.8833333","119.8500000","1",\N,\N,"UNLOCODE","active",\N,\N,"ID","Palu"
"92367","IDPNN","Pamanukan, Java","port",\N,\N,\N,"IDPNN",\N,\N,"1",\N,\N,"UNLOCODE","active",\N,\N,"ID","Pamanukan, Java"
"92368","IDPRN","Panarukan, Java","port",\N,\N,\N,"IDPRN",\N,\N,"1",\N,\N,"UNLOCODE","active",\N,\N,"ID","Panarukan, Java"
"92369","IDPJM","Pandjung Mani","port",\N,\N,\N,"IDPJM",\N,\N,"1",\N,\N,"UNLOCODE","active",\N,\N,"ID","Pandjung Mani"
"92370","IDPGX","Pangkal Balam, Banka","port",\N,\N,\N,"IDPGX",\N,\N,"1",\N,\N,"UNLOCODE","active",\N,\N,"ID","Pangkal Balam, Banka"
"92371","IDPKR","Pangkalan Brandan, Sumatra","port",\N,\N,\N,"IDPKR",\N,\N,"1",\N,\N,"UNLOCODE","active",\N,\N,"ID","Pangkalan Brandan, Sumatra"
"92372","IDPKS","Pangkalan Susu, Sumatra","port",\N,\N,\N,"IDPKS",\N,\N,"1",\N,\N,"UNLOCODE","active",\N,\N,"ID","Pangkalan Susu, Sumatra"
"92373","IDPKN","Pangkalanbuun","port",\N,\N,\N,"IDPKN",\N,\N,"1",\N,\N,"UNLOCODE","active",\N,\N,"ID","Pangkalanbuun"
"92374","IDPGK","Pangkalpinang, Banka","port",\N,\N,\N,"IDPGK",\N,\N,"1",\N,\N,"UNLOCODE","active",\N,\N,"ID","Pangkalpinang, Banka"
"92375","IDPNJ","Panjang","port",\N,\N,\N,"IDPNJ",\N,\N,"1",\N,\N,"UNLOCODE","active",\N,\N,"ID","Panjang"
"92376","IDPTL","Pantoloan, Sv","port",\N,\N,\N,"IDPTL",\N,\N,"1",\N,\N,"UNLOCODE","active",\N,\N,"ID","Pantoloan, Sv"
"92377","IDPAS","Pasir Panjang","port",\N,\N,\N,"IDPAS",\N,\N,"1",\N,\N,"UNLOCODE","active",\N,\N,"ID","Pasir Panjang"
"92378","IDPAZ","Pasuruan, Java","port",\N,\N,\N,"IDPAZ","-7.6333333","112.9000000","1",\N,\N,"UNLOCODE","active",\N,\N,"ID","Pasuruan, Java"
"92379","IDPEX","Pekalongan, Java","port",\N,\N,\N,"IDPEX",\N,\N,"1",\N,\N,"UNLOCODE","active",\N,\N,"ID","Pekalongan, Java"
"92380","IDPBB","Pelabuhan Badas","port",\N,\N,\N,"IDPBB","-8.4500000","117.3666667","1",\N,\N,"UNLOCODE","active",\N,\N,"ID","Pelabuhan Badas"
"92381","IDFTG","Pelabuhan Futong Terminal","port",\N,\N,\N,"IDFTG","0.8166667","102.4000000","1",\N,\N,"UNLOCODE","active",\N,\N,"ID","Pelabuhan Futong Terminal"
"92382","IDPNG","Penuba","port",\N,\N,\N,"IDPNG",\N,\N,"1",\N,\N,"UNLOCODE","active",\N,\N,"ID","Penuba"
"92383","IDPWG","Perawang","port",\N,\N,\N,"IDPWG","0.6333333","101.6166667","1",\N,\N,"UNLOCODE","active",\N,\N,"ID","Perawang"
"92384","IDPER","Perawang","port",\N,\N,\N,"IDPER","1.0666667","102.8666667","1",\N,\N,"UNLOCODE","active",\N,\N,"ID","Perawang"
"92385","IDPIR","Piru","port",\N,\N,\N,"IDPIR","-3.0666667","128.1833333","1",\N,\N,"UNLOCODE","active",\N,\N,"ID","Piru"
"92386","IDPLA","Plaju, Sumatra","port",\N,\N,\N,"IDPLA","-2.9833333","104.8000000","1",\N,\N,"UNLOCODE","active",\N,\N,"ID","Plaju, Sumatra"
"92387","IDPOL","Poleng","offshore-terminal",\N,\N,\N,"IDPOL","-6.6500000","112.9166667","1",\N,\N,"UNLOCODE","active",\N,\N,"ID","Poleng"
"92388","IDPMK","Pomako","port",\N,\N,\N,"IDPMK","-4.8000000","136.7666667","1",\N,\N,"UNLOCODE","active",\N,\N,"ID","Pomako"
"92389","IDPUM","Pomalaa, Sulawesi","port",\N,\N,\N,"IDPUM","-4.0333333","121.5833333","1",\N,\N,"UNLOCODE","active",\N,\N,"ID","Pomalaa, Sulawesi"
"92390","IDPNK","Pontianak, Kalimantan","port",\N,\N,\N,"IDPNK",\N,\N,"1",\N,\N,"UNLOCODE","active",\N,\N,"ID","Pontianak, Kalimantan"
